"taxon_id","scientific_name","common_name","origin","lifeform_code","lifeform","counts_as_native_understorey","note"
"415572","Acacia acinacea","Round-leaf Wattle","native","","","Y","not yet classified"
"55345","Acacia baileyana","Cootamundra wattle","introduced","","","N","not yet classified"
"925225","Acacia boormanii","Snowy River Wattle","native","","","Y","not yet classified"
"353925","Acacia brownii","heath wattle","native","","","Y","not yet classified"
"53343","Acacia dealbata","Silver wattle","introduced","","","N","not yet classified"
"61818","Acacia decurrens","Sydney green wattle","native","","","Y","not yet classified"
"181076","Acacia elata","Cedar wattle","native","","","Y","not yet classified"
"771642","Acacia euthycarpa","Wallowa","native","","","Y","not yet classified"
"888318","Acacia farinosa","mealy wattle","native","","","Y","not yet classified"
"321061","Acacia floribunda","Weeping Acacia","native","","","Y","not yet classified"
"430599","Acacia iteaphylla","Flinders Range Wattle","native","","","Y","not yet classified"
"552637","Acacia leprosa","","native","","","Y","not yet classified"
"1702529","Acacia longifolia × Acacia oxycedrus","","native","","","Y","not yet classified"
"75250","Acacia mearnsii","black wattle","native","","","Y","not yet classified"
"139846","Acacia mitchellii","Mitchell's wattle","native","","","Y","not yet classified"
"323793","Acacia mucronata","","native","","","Y","not yet classified"
"1090353","Acacia mucronata × oxycedrus","","native","","","Y","not yet classified"
"244220","Acacia obliquinervia","Mountain Hickory Wattle","native","","","Y","not yet classified"
"321065","Acacia oxycedrus","Spike Wattle","native","","","Y","not yet classified"
"75252","Acacia podalyriifolia","Queensland silver wattle","introduced","","","N","not yet classified"
"399285","Acacia pravissima","Ovens wattle","native","","","Y","not yet classified"
"739822","Acacia provincialis","Wirilda","native","","","Y","not yet classified"
"323794","Acacia stricta","Hop wattle","native","","","Y","not yet classified"
"139880","Acacia ulicifolia","prickly Moses","native","","","Y","not yet classified"
"323244","Acacia verniciflua","Varnish Wattle","native","","","Y","not yet classified"
"57037","Acacia verticillata","Prickly moses","native","","","Y","not yet classified"
"537820","Acacia vestita","hairy wattle","native","","","Y","not yet classified"
"323297","Acaena agnipila","Australian sheep's bur","native","SPH","Small or prostrate herb","Y","guessed from genus – please check"
"323795","Acaena echinata","Sheep's Burr","native","SPH","Small or prostrate herb","Y","guessed from genus – please check"
"1577693","Acaena × ovina","sheep's bur","native","SPH","Small or prostrate herb","Y","guessed from genus – please check"
"47726","Acer negundo","boxelder","introduced","","","N","not yet classified"
"119791","Acer pseudoplatanus","sycamore maple","introduced","","","N","not yet classified"
"399310","Achrophyllum dentatum","","native","","","Y","not yet classified"
"320644","Acianthus caudatus","Mayfly orchid","native","","","Y","not yet classified"
"549968","Acianthus pusillus","small mosquito-orchid","native","","","Y","not yet classified"
"893930","Acrotriche prostrata","trailing ground-berry","native","SS","Small or prostrate shrub","Y","guessed from genus – please check"
"634501","Actinobole uliginosum","flannel cudweed","native","","","Y","not yet classified"
"323940","Adiantum aethiopicum","common maidenhair fern","native","","","Y","not yet classified"
"64103","Agave americana","century plant","introduced","","","N","not yet classified"
"75312","Agrostis capillaris","browntop bent","introduced","","","N","not yet classified"
"57278","Ailanthus altissima","tree-of-heaven","introduced","","","N","not yet classified"
"52694","Aira caryophyllea","Silver Hairgrass","introduced","MTG","Medium to tiny tufted graminoid","N","guessed from genus – please check"
"399449","Aira cupaniana","Silvery hairgrass","introduced","MTG","Medium to tiny tufted graminoid","N","guessed from genus – please check"
"75321","Aira elegans","elegant hair grass","introduced","MTG","Medium to tiny tufted graminoid","N","guessed from genus – please check"
"1038398","Aizoon pubescens","Coastal Galenia","introduced","","","N","not yet classified"
"866483","Alchemilla arvensis","Field Parsley Piert","introduced","","","N","not yet classified"
"557458","Allittia cardiocarpa","swamp daisy","native","SPH","Small or prostrate herb","Y","guessed from genus – please check"
"61475","Allium neapolitanum","Naples garlic","introduced","","","N","not yet classified"
"55505","Allium triquetrum","Three-cornered garlic","introduced","","","N","not yet classified"
"1090357","Allocasuarina grampiana","","native","UTLS","Understorey tree or large shrub","Y","guessed from genus – please check"
"527445","Allocasuarina luehmannii","Buloke","native","UTLS","Understorey tree or large shrub","Y","guessed from genus – please check"
"1089545","Allocasuarina mackliniana","western she-oak","native","UTLS","Understorey tree or large shrub","Y","guessed from genus – please check"
"940157","Allocasuarina misera","","native","UTLS","Understorey tree or large shrub","Y","guessed from genus – please check"
"481898","Allocasuarina muelleriana","","native","UTLS","Understorey tree or large shrub","Y","guessed from genus – please check"
"353910","Allocasuarina paludosa","Scrub Sheoak","native","UTLS","Understorey tree or large shrub","Y","guessed from genus – please check"
"700173","Allocasuarina pusilla","dwarf sheoak","native","UTLS","Understorey tree or large shrub","Y","guessed from genus – please check"
"369665","Alternanthera denticulata","Lesser Joyweed","native","","","Y","not yet classified"
"61827","Amaryllis belladonna","Belladonna Lily","introduced","","","N","not yet classified"
"323797","Amperea xiphoclada","Broom Spurge","native","","","Y","not yet classified"
"155650","Amphibromus archeri","","native","","","Y","not yet classified"
"155649","Amphibromus nervosus","common swamp wallaby-grass","native","","","Y","not yet classified"
"1158180","Amphipogon strictus","","native","","","Y","not yet classified"
"409046","Amsinckia calycina","Yellow Gromwell","introduced","","","N","not yet classified"
"55436","Amsinckia menziesii","Rancher's fiddleneck","introduced","","","N","not yet classified"
"850321","Amyema linophylla","","native","MIS","Mistletoe","N","guessed from genus – please check"
"492560","Amyema pendula","drooping mistletoe","native","MIS","Mistletoe","N","guessed from genus – please check"
"83379","Angophora costata","Smooth-barked apple","native","","","Y","not yet classified"
"180646","Anogramma leptophylla","Annual Fern","native","","","Y","not yet classified"
"484160","Anthosachne scabra","Blue Wheat Grass","native","","","Y","not yet classified"
"75475","Anthoxanthum odoratum","sweet vernal grass","introduced","","","N","not yet classified"
"958703","Aphelia pumilio","","native","","","Y","not yet classified"
"708600","Apodasmia brownii","Coarse Twine-rush","native","","","Y","not yet classified"
"136231","Araucaria bidwillii","Bunya Pine","native","","","Y","not yet classified"
"82689","Arbutus unedo","strawberry tree","introduced","","","N","not yet classified"
"631268","Argentipallium blandowskianum","woolly everlasting","native","","","Y","not yet classified"
"353953","Argentipallium obtusifolium","Blunt everlasting","native","","","Y","not yet classified"
"82619","Arisarum vulgare","Friar's-cowl","introduced","","","N","not yet classified"
"1138705","Arthropodium fimbriatum","Nodding Chocolate Lily","native","MH","Medium herb","Y","guessed from genus – please check"
"522233","Arthropodium milleflorum","pale vanilla lily","native","MH","Medium herb","Y","guessed from genus – please check"
"557457","Arthropodium minus","small vanilla-lily","native","MH","Medium herb","Y","guessed from genus – please check"
"61168","Arum italicum","Italian arum","introduced","","","N","not yet classified"
"824572","Asperula minima","","native","SPH","Small or prostrate herb","Y","guessed from genus – please check"
"801695","Asperula scoparia","prickly woodruff","native","SPH","Small or prostrate herb","Y","guessed from genus – please check"
"516578","Asperula subsimplex","","native","SPH","Small or prostrate herb","Y","guessed from genus – please check"
"75606","Asphodelus fistulosus","Onion Weed","introduced","","","N","not yet classified"
"323489","Asplenium flabellifolium","Necklace Fern","native","","","Y","not yet classified"
"520269","Asplenium subglandulosum","Blanket Fern","native","","","Y","not yet classified"
"625511","Asterella drummondii","","native","","","Y","not yet classified"
"1092263","Asterolasia phebalioides","downy star bush","native","","","Y","not yet classified"
"577857","Astrotricha asperifolia","","native","","","Y","not yet classified"
"60177","Atriplex semibaccata","berry saltbush","native","","","Y","not yet classified"
"196949","Austrostipa blackii","Crested Spear-grass","native","","","Y","not yet classified"
"985045","Austrostipa densiflora","Foxtail Speargrass","native","","","Y","not yet classified"
"960427","Austrostipa mollis","soft speargrass","native","","","Y","not yet classified"
"570549","Austrostipa muelleri","wiry spear-grass","native","","","Y","not yet classified"
"985048","Austrostipa pubinodis","","native","","","Y","not yet classified"
"399856","Austrostipa scabra","rough speargrass","native","","","Y","not yet classified"
"985049","Austrostipa semibarbata","","native","","","Y","not yet classified"
"985050","Austrostipa setacea","","native","","","Y","not yet classified"
"52696","Avena barbata","slender wild oat","introduced","MTG","Medium to tiny tufted graminoid","N","guessed from genus – please check"
"399865","Azolla rubra","Red Azolla","native","","","Y","not yet classified"
"520366","Baloskion tetraphyllum","tassel cord-rush","native","","","Y","not yet classified"
"1033045","Banksia hewardiana","","native","","","Y","not yet classified"
"132346","Banksia ornata","Desert Banksia","native","","","Y","not yet classified"
"709598","Banksia saxicola","Rock Banksia","native","","","Y","not yet classified"
"399958","Barbula calycina","","native","","","Y","not yet classified"
"159173","Barbula unguiculata","Bird's-Claw Beard-Moss","native","","","Y","not yet classified"
"733159","Bartramia breutelii","","native","","","Y","not yet classified"
"1128106","Bartramia nothostricta","","native","","","Y","not yet classified"
"399952","Bartramia robusta","","native","","","Y","not yet classified"
"523454","Bauera sessiliflora","Grampians Bauera","native","","","Y","not yet classified"
"399980","Bazzania adnexa","","native","","","Y","not yet classified"
"51286","Bellardia trixago","Mediterranean lineseed","introduced","","","N","not yet classified"
"537967","Bellardia viscosa","Yellow Glandweed","introduced","","","N","not yet classified"
"55563","Bellis perennis","English daisy","introduced","","","N","not yet classified"
"708652","Beyeria leschenaultii","pale turpentine bush","native","","","Y","not yet classified"
"502251","Billardiera cymosa","sweet apple-berry","native","","","Y","not yet classified"
"560124","Billardiera fusiformis","Australian Bluebell","introduced","","","N","not yet classified"
"603342","Billardiera macrantha","mountain apple-berry","native","","","Y","not yet classified"
"424084","Billardiera mutabilis","Common Apple-berry","native","","","Y","not yet classified"
"321079","Billardiera scandens","Apple Berry","native","","","Y","not yet classified"
"956300","Billardiera versicolor","Sweet Appleberry","native","","","Y","not yet classified"
"138032","Blechnum minus","Soft Water-fern","native","","","Y","not yet classified"
"138020","Blechnum nudum","Fishbone water-fern","native","","","Y","not yet classified"
"138033","Blechnum wattsii","Hard Water-fern","native","","","Y","not yet classified"
"511230","Blennospora drummondii","Dwarf Beauty-heads","native","","","Y","not yet classified"
"400035","Blindia robusta","","native","","","Y","not yet classified"
"892245","Boronia latipinna","Grampians boronia","native","","","Y","not yet classified"
"523375","Boronia pilosa","hairy boronia","native","","","Y","not yet classified"
"323803","Bossiaea prostrata","creeping bossiaea","native","","","Y","not yet classified"
"1116421","Bossiaea riparia","River Leafless Bossiaea","native","","","Y","not yet classified"
"1090344","Bossiaea rosmarinifolia","Grampians Bossiaea","native","","","Y","not yet classified"
"243492","Bothriochloa macra","red grass","native","","","Y","not yet classified"
"349248","Brachychiton populneus","kurrajong","native","","","Y","not yet classified"
"323814","Brachyloma ciliatum","fringed daphne-heath","native","SS","Small or prostrate shrub","Y","guessed from genus – please check"
"918246","Brachyloma depressum","Spreading brachyloma","native","SS","Small or prostrate shrub","Y","guessed from genus – please check"
"552480","Brachyloma ericoides","","native","SS","Small or prostrate shrub","Y","guessed from genus – please check"
"553373","Brachyscome ciliaris","Variable Daisy","native","","","Y","not yet classified"
"934703","Brachyscome dentata","","native","","","Y","not yet classified"
"520376","Brachyscome diversifolia","Tall Daisy","native","","","Y","not yet classified"
"560869","Brachyscome multifida","cut-leaved daisy","native","","","Y","not yet classified"
"1075220","Brachyscome paludicola","","native","","","Y","not yet classified"
"1075219","Brachyscome parvula","","native","","","Y","not yet classified"
"400088","Brachyscome perpusilla","Tiny Daisy","native","","","Y","not yet classified"
"323109","Brachyscome spathulata","","native","","","Y","not yet classified"
"159407","Brachythecium rutabulum","Rough-stalked Feather-moss","native","","","Y","not yet classified"
"54516","Brassica oleracea","cabbage, broccoli, and allies","introduced","MH","Medium herb","N","guessed from genus – please check"
"1106897","Braunia imberbis","","native","","","Y","not yet classified"
"407637","Breutelia pendula","","native","BRY","Bryophyte or liverwort","Y","guessed from genus – please check"
"1239287","Breutelia pseudophilonotis","","native","BRY","Bryophyte or liverwort","Y","guessed from genus – please check"
"123390","Bryum argenteum","Silvery Bryum","native","","","Y","not yet classified"
"400138","Bryum blandum","","native","","","Y","not yet classified"
"159524","Bryum coronatum","","native","","","Y","not yet classified"
"75919","Bulbine semibarbata","leek lily","native","MH","Medium herb","Y","guessed from genus – please check"
"323896","Burnettia cuneata","lizard orchid","native","","","Y","not yet classified"
"323895","Caesia parviflora","","native","MH","Medium herb","Y","guessed from genus – please check"
"802784","Caladenia alpina","mountain caladenia","native","","","Y","not yet classified"
"966009","Caladenia ampla","Dainty spider orchid","native","","","Y","not yet classified"
"1248010","Caladenia douglasiorum","","native","","","Y","not yet classified"
"892098","Caladenia grampiana","Grampians spider orchid","native","","","Y","not yet classified"
"400241","Caladenia iridescens","Bronze caps","native","","","Y","not yet classified"
"204850","Caladenia latifolia","Pink Fairies","native","","","Y","not yet classified"
"553185","Caladenia moschata","Musky Caps","native","","","Y","not yet classified"
"474473","Caladenia prolata","white fingers","native","","","Y","not yet classified"
"790526","Caladenia reticulata","veined spider orchid","native","","","Y","not yet classified"
"950229","Caladenia tentaculata × venusta","","native","","","Y","not yet classified"
"515710","Caladenia transitoria","Eastern Bronzehood Orchid","native","","","Y","not yet classified"
"464078","Caladenia venusta","Large White Spider Orchid","native","","","Y","not yet classified"
"558113","Caladenia villosissima","Hairy spider orchid","native","","","Y","not yet classified"
"796699","Caleana disjuncta","Little Duck Orchid","native","","","Y","not yet classified"
"321088","Caleana major","Large Flying Duck Orchid","native","","","Y","not yet classified"
"400260","Caleana minor","Small Duck Orchid","native","","","Y","not yet classified"
"557986","Calectasia intermedia","blue tinsel-lily","native","","","Y","not yet classified"
"339416","Calicotome spinosa","Spiny Broom","introduced","","","N","not yet classified"
"335047","Callitriche brutia","Pedunculate Water-starwort","introduced","","","N","not yet classified"
"75938","Callitriche stagnalis","Pond water-starwort","introduced","","","N","not yet classified"
"159691","Callitris glaucophylla","White Cypress-pine","native","UTLS","Understorey tree or large shrub","Y","guessed from genus – please check"
"526730","Callitris gracilis","Slender Cypress-pine","native","UTLS","Understorey tree or large shrub","Y","guessed from genus – please check"
"400292","Calochilus paludosus","red beard orchid","native","MH","Medium herb","Y","guessed from genus – please check"
"1145484","Calochilus therophilus","","native","MH","Medium herb","Y","guessed from genus – please check"
"323953","Calochlaena dubia","Common Ground Fern","native","","","Y","not yet classified"
"1110280","Calomeria amaranthoides","incense plant","native","","","Y","not yet classified"
"1087361","Calotis anthemoides","cut-leaved burr daisy","native","","","Y","not yet classified"
"57481","Calystegia sepium","hedge bindweed","native","","","Y","not yet classified"
"958748","Calytrix alpestris","snow myrtle","native","MS","Medium shrub","Y","guessed from genus – please check"
"400355","Campylopus bicolor","blunt swan-neck moss","native","BRY","Bryophyte or liverwort","Y","guessed from genus – please check"
"159795","Campylopus pyriformis","Dwarf Swan-neck Moss","native","BRY","Bryophyte or liverwort","Y","guessed from genus – please check"
"323165","Cardamine tenuifolia","","introduced","SPH","Small or prostrate herb","N","guessed from genus – please check"
"53007","Carduus tenuiflorus","Slender Thistle","introduced","LH","Large herb","N","guessed from genus – please check"
"323375","Carex appressa","Tall Sedge","native","","","Y","not yet classified"
"400418","Carex fascicularis","Tassel Sedge","native","","","Y","not yet classified"
"323387","Carex gaudichaudiana","","native","","","Y","not yet classified"
"76059","Carex inversa","Knob Sedge","native","","","Y","not yet classified"
"850730","Carex tereticaulis","Poongort","native","","","Y","not yet classified"
"574102","Carpobrotus modestus","inland pigface","native","","","Y","not yet classified"
"155229","Carpobrotus rossii","Australian Pig Face","native","","","Y","not yet classified"
"64232","Carthamus lanatus","saffron thistle","introduced","","","N","not yet classified"
"884979","Cassinia sifton","Sifton Bush","native","","","Y","not yet classified"
"323804","Cassytha glabella","Slender Devil's Twine","native","","","Y","not yet classified"
"733735","Cassytha melantha","Coarse Dodder-laurel","native","","","Y","not yet classified"
"323806","Cassytha pubescens","Downy Dodder-laurel","native","","","Y","not yet classified"
"122207","Caustis flexuosa","Curly Wig","native","","","Y","not yet classified"
"321087","Caustis pentandra","Thick Twist Rush","native","","","Y","not yet classified"
"160257","Cedronella canariensis","Balm of Gilead","introduced","","","N","not yet classified"
"60298","Cenchrus clandestinus","Kikuyu Grass","introduced","","","N","not yet classified"
"57922","Centaurea melitensis","Maltese star-thistle","introduced","","","N","not yet classified"
"485760","Centaurium maritimum","Yellow Centaury","introduced","SPH","Small or prostrate herb","N","guessed from genus – please check"
"76217","Centaurium pulchellum","Lesser Centaury","introduced","SPH","Small or prostrate herb","N","guessed from genus – please check"
"61027","Centaurium tenuiflorum","Slender Centaury","introduced","SPH","Small or prostrate herb","N","guessed from genus – please check"
"353944","Centella cordifolia","Swamp pennywort","native","","","Y","not yet classified"
"634407","Centipeda cunninghamii","Common Sneezeweed","native","","","Y","not yet classified"
"57283","Centranthus ruber","Red Valerian","introduced","","","N","not yet classified"
"323902","Centrolepis aristata","pointed centrolepis","native","","","Y","not yet classified"
"857497","Centrolepis fascicularis","","native","","","Y","not yet classified"
"896651","Centrolepis polygyna","","native","","","Y","not yet classified"
"353856","Centrolepis strigosa","hairy centrolepis","native","","","Y","not yet classified"
"52973","Cerastium glomeratum","Sticky mouse-ear chickweed","introduced","SPH","Small or prostrate herb","N","guessed from genus – please check"
"123117","Ceratodon purpureus","Redshank","native","","","Y","not yet classified"
"60997","Ceratophyllum demersum","common hornwort","native","","","Y","not yet classified"
"323110","Chaerophyllum eriopodum","Australian Caraway","native","","","Y","not yet classified"
"1565678","Chamaecytisus proliferus","Tree lucerne","introduced","","","N","not yet classified"
"1412605","Chara preissii","","native","","","Y","not yet classified"
"323943","Cheilanthes sieberi","Poison Rock Fern","native","GF","Ground fern","Y","guessed from genus – please check"
"210433","Cheiranthera linearis","finger flower","native","","","Y","not yet classified"
"467323","Chenopodium nutans","Nodding Saltbush","native","","","Y","not yet classified"
"911585","Chenopodium robertianum","Saloop","native","","","Y","not yet classified"
"380755","Chiloglottis valida","large bird-orchid","native","","","Y","not yet classified"
"76300","Chondrilla juncea","Rush Skeletonweed","introduced","","","N","not yet classified"
"338166","Chrozophora tinctoria","Turn-sole","introduced","","","N","not yet classified"
"557908","Chrysocephalum baxteri","Fringed Everlasting","native","MH","Medium herb","Y","guessed from genus – please check"
"244465","Chrysocephalum semipapposum","clustered everlasting","native","MH","Medium herb","Y","guessed from genus – please check"
"245753","Cicendia filiformis","yellow centaury","introduced","","","N","not yet classified"
"57087","Cicendia quadrangularis","timwort","introduced","","","N","not yet classified"
"52989","Cirsium vulgare","Spear Thistle","introduced","","","N","not yet classified"
"841204","Citrullus amarus","Camel Melon","introduced","","","N","not yet classified"
"52994","Claytonia perfoliata","miner's lettuce","introduced","","","N","not yet classified"
"210343","Comesperma calymega","Blue Spike Milkwort","native","SCC","Scrambler or climber","Y","guessed from genus – please check"
"913378","Comesperma polygaloides","Small milkwort","native","SCC","Scrambler or climber","Y","guessed from genus – please check"
"565434","Conospermum mitchellii","victorian smoke-bush","native","","","Y","not yet classified"
"566610","Conospermum patens","slender smoke-bush","native","","","Y","not yet classified"
"53021","Convolvulus arvensis","field bindweed","native","SCC","Scrambler or climber","Y","guessed from genus – please check"
"531630","Convolvulus remotus","Australian bindweed","native","SCC","Scrambler or climber","Y","guessed from genus – please check"
"323309","Coprosma hirtella","Rough Coprosma","introduced","MS","Medium shrub","N","guessed from genus – please check"
"323305","Coprosma quadrifida","Prickly Currant-Bush","introduced","MS","Medium shrub","N","guessed from genus – please check"
"353942","Coronidium scorpioides","button everlasting","native","","","Y","not yet classified"
"709667","Correa aemula","Hairy Correa","native","","","Y","not yet classified"
"1089567","Correa aemula × reflexa","","native","","","Y","not yet classified"
"196520","Correa alba","White Correa","native","","","Y","not yet classified"
"564052","Correa lawrenceana","","native","","","Y","not yet classified"
"321098","Correa reflexa","Common Correa","native","","","Y","not yet classified"
"323906","Corybas diemenicus","veined helmet-orchid","native","SPH","Small or prostrate herb","Y","guessed from genus – please check"
"323905","Corybas unguiculatus","small helmet-orchid","native","SPH","Small or prostrate herb","Y","guessed from genus – please check"
"135379","Corymbia calophylla","Marri","native","","","Y","not yet classified"
"53375","Cotoneaster pannosus","silverleaf cotoneaster","introduced","","","N","not yet classified"
"53025","Cotula australis","Common Cotula","native","","","Y","not yet classified"
"570447","Cotula bipinnata","Ferny Buttons","introduced","","","N","not yet classified"
"58812","Cotula coronopifolia","Water Buttons","introduced","","","N","not yet classified"
"854359","Craspedia paludicola","","native","","","Y","not yet classified"
"560780","Craspedia variabilis","Common Billy buttons","native","","","Y","not yet classified"
"275859","Crassula closiana","Stalked Crassula","native","","","Y","not yet classified"
"76463","Crassula colligata","","native","","","Y","not yet classified"
"380776","Crassula colorata","Dense Pigmyweed","native","","","Y","not yet classified"
"336119","Crassula decumbens","Spreading Crassula","native","","","Y","not yet classified"
"199392","Crassula helmsii","swamp stonecrop","native","","","Y","not yet classified"
"119460","Crassula natans","Narrow-leaf Floating Pigmyweed","native","","","Y","not yet classified"
"401149","Crassula peduncularis","Purple Pigmyweed","native","","","Y","not yet classified"
"160961","Crassula sieberiana","Australian Stonecrop","native","","","Y","not yet classified"
"76467","Crassula tetragona","Kerkei","introduced","","","N","not yet classified"
"550988","Cryptandra tomentosa","prickly cryptandra","native","","","Y","not yet classified"
"76539","Cucumis myriocarpus","paddy melon","introduced","","","N","not yet classified"
"1416701","Cyanicula caerulea × Pheladenia deformis","","native","SPH","Small or prostrate herb","Y","guessed from genus – please check"
"1426169","Cyanothamnus anemonifolius","","native","","","Y","not yet classified"
"1428227","Cyanothamnus nanus","","native","","","Y","not yet classified"
"323942","Cyathea australis","rough tree-fern","native","","","Y","not yet classified"
"76563","Cyclospermum leptophyllum","Marsh parsley","introduced","","","N","not yet classified"
"959927","Cycnogeton alcockiae","","native","AQ","Aquatic herb","Y","guessed from genus – please check"
"417789","Cynoglossum australe","Australian Hound's-tongue","native","","","Y","not yet classified"
"59055","Cyperus eragrostis","drain flat-sedge","introduced","","","N","not yet classified"
"370165","Cyperus gymnocaulos","Spiny Sedge","native","","","Y","not yet classified"
"370174","Cyperus lucidus","Common Leaf-rush","native","","","Y","not yet classified"
"502252","Cyperus vaginatus","Stiff-leaved Flat-sedge","native","","","Y","not yet classified"
"698940","Cyphanthera anthocercidea","large-leaf ray flower","native","","","Y","not yet classified"
"771707","Cyphanthera myosotidea","small-leaf ray flower","native","","","Y","not yet classified"
"401233","Cyrtanthus elatus","Scarborough lily","introduced","","","N","not yet classified"
"48538","Cytisus scoparius","English broom","introduced","","","N","not yet classified"
"768915","Dampiera dysantha","shrubby Dampiera","native","","","Y","not yet classified"
"210346","Daucus glochidiatus","Australian Carrot","native","","","Y","not yet classified"
"892963","Daviesia arenaria","Sandhill Bitter-pea","native","MS","Medium shrub","Y","guessed from genus – please check"
"551506","Daviesia brevifolia","Leafless Bitter-pea","native","MS","Medium shrub","Y","guessed from genus – please check"
"1244033","Daviesia laevis","","native","MS","Medium shrub","Y","guessed from genus – please check"
"323230","Daviesia latifolia","hop bitter-pea","native","MS","Medium shrub","Y","guessed from genus – please check"
"323818","Daviesia ulicifolia","gorse bitter pea","native","MS","Medium shrub","Y","guessed from genus – please check"
"490886","Dawsonia longiseta","","native","","","Y","not yet classified"
"53208","Delairea odorata","Cape-ivy","introduced","","","N","not yet classified"
"353917","Desmodium varians","slender tick-trefoil","native","","","Y","not yet classified"
"1007040","Dianella amoena","matted flax-lily","native","MH","Medium herb","Y","guessed from genus – please check"
"369570","Dianella longifolia","Pale Flax-Lily","native","MH","Medium herb","Y","guessed from genus – please check"
"123238","Dianella tasmanica","Tasmanian flax-lily","native","MH","Medium herb","Y","guessed from genus – please check"
"161824","Dichondra repens","kidney weed","native","","","Y","not yet classified"
"143921","Dicksonia antarctica","soft tree-fern","native","","","Y","not yet classified"
"409500","Dicranoloma robustum","","native","","","Y","not yet classified"
"53983","Digitalis purpurea","purple foxglove","introduced","","","N","not yet classified"
"782186","Dillwynia cinerascens","grey parrot pea","native","SS","Small or prostrate shrub","Y","guessed from genus – please check"
"323817","Dillwynia glaberrima","Smooth Parrot-pea","native","SS","Small or prostrate shrub","Y","guessed from genus – please check"
"790869","Dillwynia oreodoxa","Grampians Parrot-pea","native","SS","Small or prostrate shrub","Y","guessed from genus – please check"
"323816","Dillwynia sericea","showy parrot-pea","native","SS","Small or prostrate shrub","Y","guessed from genus – please check"
"569596","Dimorphotheca jucunda","Cape daisy","introduced","","","N","not yet classified"
"155224","Dipodium roseum","Rosy Hyacinth Orchid","native","","","Y","not yet classified"
"401498","Distichophyllum microcarpum","","native","","","Y","not yet classified"
"58822","Dittrichia graveolens","Stinkwort","introduced","","","N","not yet classified"
"829469","Diuris calcicola","","native","MH","Medium herb","Y","guessed from genus – please check"
"1305480","Diuris daltonii","western purple Diuris","native","MH","Medium herb","Y","guessed from genus – please check"
"829500","Diuris leopardina","","native","MH","Medium herb","Y","guessed from genus – please check"
"782671","Diuris pardina × chryseopsis","","native","MH","Medium herb","Y","guessed from genus – please check"
"83522","Diuris sulphurea","Tiger Orchid","native","MH","Medium herb","Y","guessed from genus – please check"
"1089543","Dodonaea procumbens","Trailing Hop-bush","native","","","Y","not yet classified"
"122711","Dodonaea viscosa","Sticky hop-bush","native","","","Y","not yet classified"
"55823","Draba verna","Common Whitlowgrass","introduced","","","N","not yet classified"
"54684","Drosera binata","Fork-leaved Sundew","native","","","Y","not yet classified"
"143360","Drosera glanduligera","Pimpernel sundew","native","","","Y","not yet classified"
"154709","Drosera hookeri","Grassland Sundew","native","","","Y","not yet classified"
"123397","Drosera peltata","Shield Sundew","native","","","Y","not yet classified"
"122209","Drosera pygmaea","pygmy sundew","native","","","Y","not yet classified"
"122208","Drosera spatulata","Rosy Sundew","native","","","Y","not yet classified"
"323434","Drymophila cyanocarpa","Turquoise Berry","native","","","Y","not yet classified"
"76751","Dysphania pumilio","Clammy goosefoot","native","","","Y","not yet classified"
"401588","Eccremidium pulchellum","","native","","","Y","not yet classified"
"76755","Echinochloa colona","Jungle Rice","native","","","Y","not yet classified"
"323466","Echinopogon ovatus","Hedgehog Grass","native","","","Y","not yet classified"
"76764","Echium plantagineum","Paterson's curse","introduced","","","N","not yet classified"
"76766","Ehrharta calycina","Perennial Veldtgrass","introduced","","","N","not yet classified"
"64140","Ehrharta erecta","panic veldtgrass","introduced","","","N","not yet classified"
"76767","Ehrharta longiflora","longflower veldtgrass","introduced","","","N","not yet classified"
"323177","Elatine gratioloides","Waterwort","native","","","Y","not yet classified"
"59206","Eleocharis acuta","common spike-rush","native","","","Y","not yet classified"
"323379","Eleocharis sphacelata","Tall Spike-rush","native","","","Y","not yet classified"
"54692","Empodisma minus","Wire Rush","native","","","Y","not yet classified"
"1154689","Enigmella thallina","","native","","","Y","not yet classified"
"380800","Entosthodon apophysatus","","native","","","Y","not yet classified"
"401656","Entosthodon productus","","native","","","Y","not yet classified"
"401668","Entosthodon subnudus","","native","","","Y","not yet classified"
"59926","Epacris impressa","Common Heath","native","","","Y","not yet classified"
"520365","Epacris obtusifolia","blunt-leaf heath","native","","","Y","not yet classified"
"401685","Epilobium billardiereanum","smooth willowherb","native","","","Y","not yet classified"
"323278","Epilobium hirtigerum","Hairy Willowherb","native","","","Y","not yet classified"
"369708","Eragrostis brownii","Brown's love grass","native","MTG","Medium to tiny tufted graminoid","Y","guessed from genus – please check"
"76849","Eragrostis cilianensis","stinkgrass","native","MTG","Medium to tiny tufted graminoid","Y","guessed from genus – please check"
"162386","Eragrostis elongata","Close-headed Love-grass","native","MTG","Medium to tiny tufted graminoid","Y","guessed from genus – please check"
"76855","Eragrostis minor","Little Lovegrass","native","MTG","Medium to tiny tufted graminoid","Y","guessed from genus – please check"
"76904","Erigeron bonariensis","Flaxleaf Fleabane","introduced","","","N","not yet classified"
"76923","Erigeron karvinskianus","seaside daisy","introduced","","","N","not yet classified"
"976182","Eriochilus collinus","Parson's Band orchid","native","SPH","Small or prostrate herb","Y","guessed from genus – please check"
"162569","Eriochloa pseudoacrotricha","Perennial cup-grass","native","","","Y","not yet classified"
"450491","Erodium crinitum","blue stork's-bill","introduced","SPH","Small or prostrate herb","N","guessed from genus – please check"
"208161","Eucalyptus arenacea","desert stringybark","native","TREE","Canopy tree","N","guessed from genus – please check"
"1074817","Eucalyptus aurifodina","Goldfields Stringybark","native","TREE","Canopy tree","N","guessed from genus – please check"
"353883","Eucalyptus baxteri","Brown Stringybark","native","TREE","Canopy tree","N","guessed from genus – please check"
"699299","Eucalyptus bicostata","eurabbie","native","TREE","Canopy tree","N","guessed from genus – please check"
"162748","Eucalyptus cinerea","Argyle apple","native","TREE","Canopy tree","N","guessed from genus – please check"
"77089","Eucalyptus cladocalyx","sugar gum","native","TREE","Canopy tree","N","guessed from genus – please check"
"550357","Eucalyptus cosmophylla","cup gum","native","TREE","Canopy tree","N","guessed from genus – please check"
"452182","Eucalyptus crenulata","Victorian Silver Gum","native","TREE","Canopy tree","N","guessed from genus – please check"
"353881","Eucalyptus cypellocarpa","mountain grey gum","native","TREE","Canopy tree","N","guessed from genus – please check"
"1089544","Eucalyptus falciformis","Grampians peppermint","native","TREE","Canopy tree","N","guessed from genus – please check"
"53398","Eucalyptus globulus","Tasmanian blue gum","native","TREE","Canopy tree","N","guessed from genus – please check"
"208952","Eucalyptus macrorhyncha","Common Red Stringybark","native","TREE","Canopy tree","N","guessed from genus – please check"
"243802","Eucalyptus microcarpa","grey box","native","TREE","Canopy tree","N","guessed from genus – please check"
"323286","Eucalyptus obliqua","Messmate Stringybark","native","TREE","Canopy tree","N","guessed from genus – please check"
"323789","Eucalyptus ovata","Swamp Gum","native","TREE","Canopy tree","N","guessed from genus – please check"
"208115","Eucalyptus pauciflora","Snow Gum","native","TREE","Canopy tree","N","guessed from genus – please check"
"639221","Eucalyptus radiata","Narrow-leaved Peppermint","native","TREE","Canopy tree","N","guessed from genus – please check"
"208130","Eucalyptus rubida","Candlebark","native","TREE","Canopy tree","N","guessed from genus – please check"
"1075660","Eucalyptus serraensis","Grampians Stringybark","native","TREE","Canopy tree","N","guessed from genus – please check"
"77092","Eucalyptus sideroxylon","Red Ironbark","native","TREE","Canopy tree","N","guessed from genus – please check"
"341386","Eucalyptus spathulata","Swamp Mallet","native","TREE","Canopy tree","N","guessed from genus – please check"
"179890","Eucalyptus torquata","Coral Gum","native","TREE","Canopy tree","N","guessed from genus – please check"
"323761","Eucalyptus tricarpa","Southern Red Ironbark","native","TREE","Canopy tree","N","guessed from genus – please check"
"77093","Eucalyptus viminalis","manna gum","native","TREE","Canopy tree","N","guessed from genus – please check"
"1073279","Eucalyptus yarraensis","Yarra Gum","native","TREE","Canopy tree","N","guessed from genus – please check"
"1472517","Eucalyptus × alpina","","native","TREE","Canopy tree","N","guessed from genus – please check"
"162769","Euchiton japonicus","father-and-child plant","native","","","Y","not yet classified"
"77102","Euchiton sphaericus","globe cottonleaf","native","","","Y","not yet classified"
"77114","Euphorbia lathyris","caper spurge","introduced","","","N","not yet classified"
"58893","Euphorbia maculata","eyebane","introduced","","","N","not yet classified"
"57036","Euphorbia peplus","Petty Spurge","introduced","","","N","not yet classified"
"200054","Euphorbia serpens","Matted Sandmat","introduced","","","N","not yet classified"
"323350","Euphrasia collina","purple eyebright","native","","","Y","not yet classified"
"323475","Eurychorda complanata","","native","","","Y","not yet classified"
"321119","Euryomyrtus ramosissima","Rosy Heath-Myrtle","native","","","Y","not yet classified"
"921480","Eutaxia diffusa","large-leaf eutaxia","native","SS","Small or prostrate shrub","Y","guessed from genus – please check"
"323819","Exocarpos strictus","Pale-fruit Ballart","native","UTLS","Understorey tree or large shrub","Y","guessed from genus – please check"
"1628703","Falona echinata","Rough Dog's-tail","introduced","","","N","not yet classified"
"77136","Festuca bromoides","brome fescue","introduced","MTG","Medium to tiny tufted graminoid","N","guessed from genus – please check"
"1377229","Festuca fasciculata","Dune Fescue","introduced","MTG","Medium to tiny tufted graminoid","N","guessed from genus – please check"
"1185689","Ficinia marginata","Common Annual Clubrush","introduced","","","N","not yet classified"
"323913","Ficinia nodosa","Knobby Clubrush","native","","","Y","not yet classified"
"162997","Fissidens asplenioides","","native","","","Y","not yet classified"
"401896","Fissidens megalotis","","native","","","Y","not yet classified"
"401878","Fissidens taylorii","","native","","","Y","not yet classified"
"401909","Fossombronia intestinalis","","native","","","Y","not yet classified"
"82881","Fraxinus angustifolia","Desert Ash","introduced","","","N","not yet classified"
"714939","Freesia leichtlinii","Ornamental Freesia","introduced","","","N","not yet classified"
"1457030","Freesia × kewensis","Hybrid Freesia","introduced","","","N","not yet classified"
"129734","Fumaria bastardii","tall ramping-fumitory","introduced","","","N","not yet classified"
"57852","Fumaria capreolata","white-flower fumitory","introduced","","","N","not yet classified"
"129075","Fumaria muralis","common ramping-fumitory","introduced","","","N","not yet classified"
"120000","Funaria hygrometrica","Bonfire moss","native","","","Y","not yet classified"
"700248","Gahnia clarkei","tall saw-sedge","native","","","Y","not yet classified"
"964960","Gahnia microstachya","","native","","","Y","not yet classified"
"323912","Gahnia radula","Thatch Saw-sedge","native","","","Y","not yet classified"
"353847","Gahnia sieberiana","Red-fruit Saw-sedge","native","","","Y","not yet classified"
"53059","Galium aparine","Cleavers","introduced","","","N","not yet classified"
"323313","Galium australe","","native","","","Y","not yet classified"
"1520379","Galium compactum","","native","","","Y","not yet classified"
"1510374","Galium curvihirtum","","native","","","Y","not yet classified"
"323310","Galium gaudichaudii","Rough bedstraw","native","","","Y","not yet classified"
"77219","Gamochaeta calviceps","Narrowleaf Purple Everlasting","introduced","","","N","not yet classified"
"323444","Gastrodia procera","tall potato orchid","native","","","Y","not yet classified"
"337634","Gastrodia sesamoides","Cinnamon Bells","native","","","Y","not yet classified"
"1546139","Gaudium coriaceum","Mallee Teatree","native","MS","Medium shrub","Y","guessed from genus – please check"
"1546134","Gaudium laevigatum","Coast Teatree","native","MS","Medium shrub","Y","guessed from genus – please check"
"884852","Gazania × splendens","Garden Treasure Flower","introduced","","","N","not yet classified"
"77238","Genista linifolia","needle-leaved broom","introduced","","","N","not yet classified"
"53403","Genista monspessulana","Montpellier broom","introduced","","","N","not yet classified"
"554386","Genoplesium despectans","sharp midge orchid","native","","","Y","not yet classified"
"446738","Genoplesium morrisii","Bearded midge-orchid","native","","","Y","not yet classified"
"402065","Geranium gardneri","Rough Crane's-Bill","native","SPH","Small or prostrate herb","Y","guessed from genus – please check"
"53076","Geranium molle","Dove's-foot crane's-bill","native","SPH","Small or prostrate herb","Y","guessed from genus – please check"
"77258","Geranium potentilloides","cinquefoil geranium","native","SPH","Small or prostrate herb","Y","guessed from genus – please check"
"281920","Gigaspermum repens","","native","","","Y","not yet classified"
"402072","Gladiolus undulatus","Wild gladiolus","introduced","","","N","not yet classified"
"323510","Gleichenia dicarpa","Pouched Coral-fern","native","","","Y","not yet classified"
"323951","Gleichenia microphylla","scrambling coral-fern","native","","","Y","not yet classified"
"410945","Gleichenia rupestris","","native","","","Y","not yet classified"
"416374","Glischrocaryon behrii","golden pennants","native","","","Y","not yet classified"
"402125","Glossostigma elatinoides","small mud-mat","native","","","Y","not yet classified"
"321122","Glycine clandestina","Twining Glycine","native","","","Y","not yet classified"
"541500","Glycine latrobeana","clover glycine","native","","","Y","not yet classified"
"356109","Glycine microphylla","Small-leaf Glycine","native","","","Y","not yet classified"
"369513","Glycine tabacina","Glycine Pea","native","","","Y","not yet classified"
"959958","Gnaphalium indutum","tiny cudweed","native","","","Y","not yet classified"
"854864","Gnephosis drummondii","","native","","","Y","not yet classified"
"402169","Goebelobryum unguiculatum","","native","","","Y","not yet classified"
"52351","Gomphocarpus fruticosus","Narrow-leaf Cotton Bush","introduced","","","N","not yet classified"
"603338","Gompholobium ecostatum","Dwarf Wedge-pea","native","","","Y","not yet classified"
"323820","Gompholobium huegelii","Common Wedge-pea","native","","","Y","not yet classified"
"417790","Gonocarpus humilis","Shade Raspwort","native","","","Y","not yet classified"
"941012","Gonocarpus mezianus","Broad-leaf Raspwort","native","","","Y","not yet classified"
"323235","Gonocarpus micranthus","creeping raspwort","native","","","Y","not yet classified"
"421614","Goodenia humilis","swamp Goodenia","native","","","Y","not yet classified"
"323879","Goodenia lanata","trailing Goodenia","native","","","Y","not yet classified"
"851410","Goodenia lineata","","native","","","Y","not yet classified"
"323821","Goodenia ovata","hop goodenia","native","","","Y","not yet classified"
"421568","Goodenia robusta","woolly goodenia","native","","","Y","not yet classified"
"319193","Goodia lotifolia","Golden-tip","native","","","Y","not yet classified"
"1090337","Goodia pubescens","","native","","","Y","not yet classified"
"353896","Gratiola peruviana","Austral Brooklime","native","","","Y","not yet classified"
"629126","Gratiola pubescens","hairy brooklime","native","","","Y","not yet classified"
"537924","Grevillea aquifolium","variable prickly grevillea","native","","","Y","not yet classified"
"786444","Grevillea confertifolia","Grampians Grevillea","native","","","Y","not yet classified"
"790433","Grevillea dimorpha","flame Grevillea","native","","","Y","not yet classified"
"1033293","Grevillea gariwerdensis","","native","","","Y","not yet classified"
"1033338","Grevillea microstegia","","native","","","Y","not yet classified"
"1027252","Grevillea montis-cole","","native","","","Y","not yet classified"
"547335","Grevillea rosmarinifolia","rosemary grevillea","native","","","Y","not yet classified"
"123506","Grimmia laevigata","Grimmia Dry Rock Moss","native","","","Y","not yet classified"
"56117","Grimmia pulvinata","Grey-cushioned Grimmia","native","","","Y","not yet classified"
"85478","Gymnoschoenus sphaerocephalus","Button Grass","native","","","Y","not yet classified"
"769906","Hackelia latifolia","Forest Hound’s-tongue","native","MH","Medium herb","Y","guessed from genus – please check"
"341634","Hakea drupacea","Sweet Hakea","introduced","","","N","not yet classified"
"708649","Hakea nodosa","Yellow Hakea","native","","","Y","not yet classified"
"1033481","Hakea obtusa","","native","","","Y","not yet classified"
"525619","Hakea prostrata","Harsh Hakea","native","","","Y","not yet classified"
"790622","Hakea repullulans","furze hakea","native","","","Y","not yet classified"
"502255","Hakea rugosa","dwarf hakea","native","","","Y","not yet classified"
"363485","Hakea salicifolia","Willow-leaved hakea","native","","","Y","not yet classified"
"321139","Hakea teretifolia","Dagger Hakea","native","","","Y","not yet classified"
"552998","Hakea ulicina","Furze Hakea","native","","","Y","not yet classified"
"557887","Hakea undulata","Wavy-leaved Hakea","introduced","","","N","not yet classified"
"402298","Haloragis aspera","Raspweed","native","SPH","Small or prostrate herb","Y","guessed from genus – please check"
"968940","Haloragis heterophylla","varied raspwort","native","SPH","Small or prostrate herb","Y","guessed from genus – please check"
"163550","Hedwigia ciliata","Ciliate Hoarmoss","native","","","Y","not yet classified"
"418729","Hedycarya angustifolia","Australian mulberry","native","","","Y","not yet classified"
"492864","Hedypnois rhagadioloides","Cretanweed","introduced","","","N","not yet classified"
"353939","Helichrysum leucopsideum","Satin Everlasting","native","","","Y","not yet classified"
"77365","Heliotropium europaeum","European heliotrope","introduced","","","N","not yet classified"
"61906","Helminthotheca echioides","bristly oxtongue","introduced","","","N","not yet classified"
"402455","Hemarthria uncinata","","native","","","Y","not yet classified"
"902138","Hibbertia cistiflora","rock rose guinea-flower","native","SS","Small or prostrate shrub","Y","guessed from genus – please check"
"881292","Hibbertia devitata","Smooth Guinea-flower","native","SS","Small or prostrate shrub","Y","guessed from genus – please check"
"552558","Hibbertia exutiacies","Prickly Guinea-flower","native","SS","Small or prostrate shrub","Y","guessed from genus – please check"
"550552","Hibbertia fasciculata","bundled hibbertia","native","SS","Small or prostrate shrub","Y","guessed from genus – please check"
"1089570","Hibbertia humifusa","","native","SS","Small or prostrate shrub","Y","guessed from genus – please check"
"323823","Hibbertia prostrata","bundled guinea-flower","native","SS","Small or prostrate shrub","Y","guessed from genus – please check"
"323884","Hibbertia sericea","Silky Guinea-flower","native","SS","Small or prostrate shrub","Y","guessed from genus – please check"
"555556","Hibbertia virgata","Twiggy Guinea-flower","native","SS","Small or prostrate shrub","Y","guessed from genus – please check"
"282481","Histiopteris incisa","bat's wing fern","native","","","Y","not yet classified"
"873990","Holcus annuus","","introduced","MTG","Medium to tiny tufted graminoid","N","guessed from genus – please check"
"1243873","Hovea corrickiae","","native","SS","Small or prostrate shrub","Y","guessed from genus – please check"
"1243878","Hovea rosmarinifolia","","native","SS","Small or prostrate shrub","Y","guessed from genus – please check"
"57635","Hyacinthoides hispanica","Spanish Bluebell","introduced","","","N","not yet classified"
"863646","Hyacinthoides × massartiana","Hybrid bluebell","introduced","","","N","not yet classified"
"791896","Hyalosperma demissum","Moss Sunray","native","SPH","Small or prostrate herb","Y","guessed from genus – please check"
"511210","Hydrocotyle callicarpa","Tiny Pennywort","native","SPH","Small or prostrate herb","Y","guessed from genus – please check"
"901018","Hydrocotyle foveolata","","native","SPH","Small or prostrate herb","Y","guessed from genus – please check"
"323101","Hydrocotyle hirta","Hairy Pennywort","native","SPH","Small or prostrate herb","Y","guessed from genus – please check"
"402579","Hydrocotyle muscosa","","native","SPH","Small or prostrate herb","Y","guessed from genus – please check"
"402589","Hydrocotyle pterocarpa","","native","SPH","Small or prostrate herb","Y","guessed from genus – please check"
"137504","Hymenophyllum cupressiforme","Common Filmy-fern","native","","","Y","not yet classified"
"323157","Hypericum japonicum","matted St. John's wort","native","","","Y","not yet classified"
"983639","Hypnodendron vitiense","","native","","","Y","not yet classified"
"323478","Hypolaena fastigiata","Tassel Rope-rush","native","","","Y","not yet classified"
"568285","Hypolepis glandulifera","Downy Ground-fern","native","","","Y","not yet classified"
"323492","Hypolepis rugosula","Ruddy ground fern","native","","","Y","not yet classified"
"321134","Hypoxis hygrometrica","Golden Weather-grass","native","","","Y","not yet classified"
"53856","Ilex aquifolium","European holly","introduced","","","N","not yet classified"
"77493","Ipheion uniflorum","Spring starflower","introduced","","","N","not yet classified"
"402790","Ischyrodon lepturus","","native","","","Y","not yet classified"
"634228","Isoetopsis graminifolia","Grass Cushion","native","","","Y","not yet classified"
"60257","Isolepis cernua","Slender Clubrush","native","","","Y","not yet classified"
"164179","Isolepis hystrix","","introduced","","","N","not yet classified"
"301898","Isolepis inundata","Swamp Club-rush","native","","","Y","not yet classified"
"77516","Isolepis levynsiana","tiny flat-sedge","introduced","","","N","not yet classified"
"550083","Isopogon formosus","Rose Cone Flower","native","SS","Small or prostrate shrub","Y","guessed from genus – please check"
"210163","Isotoma fluviatilis","Blue Star Creeper","native","","","Y","not yet classified"
"865351","Isotoma tridens","Hypsela","native","","","Y","not yet classified"
"1157140","Ixia fuscocitrina","Smokygold Kalossie","introduced","MH","Medium herb","N","guessed from genus – please check"
"533318","Ixodia achillaeoides","Fire Daisy","native","","","Y","not yet classified"
"77550","Juncus acutus","spiny rush","native","MTG","Medium to tiny tufted graminoid","Y","guessed from genus – please check"
"323419","Juncus australis","austral rush","native","MTG","Medium to tiny tufted graminoid","Y","guessed from genus – please check"
"57107","Juncus bufonius","Toad rush","native","MTG","Medium to tiny tufted graminoid","Y","guessed from genus – please check"
"132323","Juncus bulbosus","Bulbous Rush","native","MTG","Medium to tiny tufted graminoid","Y","guessed from genus – please check"
"436606","Juncus hybridus","hybrid rush","native","MTG","Medium to tiny tufted graminoid","Y","guessed from genus – please check"
"510868","Juncus pallescens","","native","MTG","Medium to tiny tufted graminoid","Y","guessed from genus – please check"
"323501","Juncus pallidus","Great Soft-rush","native","MTG","Medium to tiny tufted graminoid","Y","guessed from genus – please check"
"77590","Juncus planifolius","Flat-leaved Rush","native","MTG","Medium to tiny tufted graminoid","Y","guessed from genus – please check"
"323917","Juncus procerus","","native","MTG","Medium to tiny tufted graminoid","Y","guessed from genus – please check"
"77598","Juncus usitatus","australian rush","native","MTG","Medium to tiny tufted graminoid","Y","guessed from genus – please check"
"514172","Kickxia commutata","Mediterranean Fluellen","introduced","","","N","not yet classified"
"64332","Kickxia elatine","Sharp-leaved Fluellen","introduced","","","N","not yet classified"
"569464","Kunzea leptospermoides","Yarra burgan","native","","","Y","not yet classified"
"548411","Kunzea parvifolia","Violet Kunzea","native","","","Y","not yet classified"
"746287","Lachenalia flava","Yellow Viooltjie","introduced","","","N","not yet classified"
"746286","Lachenalia luteola","Gold Viooltjie","native","","","Y","not yet classified"
"841263","Lachnagrostis aemula","","native","","","Y","not yet classified"
"288066","Lachnagrostis filiformis","blown grass","native","","","Y","not yet classified"
"53107","Lactuca serriola","prickly lettuce","introduced","","","N","not yet classified"
"1238780","Lagenophora gunniana","coarse bottle-daisy","native","","","Y","not yet classified"
"323152","Lagenophora stipitata","Blue Bottle-daisy","native","","","Y","not yet classified"
"61068","Lagurus ovatus","Hare's Tail Grass","introduced","","","N","not yet classified"
"55459","Lamium amplexicaule","henbit deadnettle","introduced","","","N","not yet classified"
"857410","Lasiopetalum macrophyllum","shrubby velvet-bush","native","","","Y","not yet classified"
"403002","Lateristachys lateralis","Slender Clubmoss","native","","","Y","not yet classified"
"77633","Lathyrus angulatus","Angled Pea","introduced","","","N","not yet classified"
"61821","Lathyrus tingitanus","Tangier Pea","introduced","","","N","not yet classified"
"323914","Laxmannia orientalis","dwarf wire-lily","native","","","Y","not yet classified"
"321176","Leionema bilobum","","native","","","Y","not yet classified"
"60973","Leontodon saxatilis","Hairy Hawkbit","introduced","","","N","not yet classified"
"164507","Lepidium africanum","common peppercress","introduced","","","N","not yet classified"
"733332","Lepidobolus drapetocoleus","Scale Shedder","native","","","Y","not yet classified"
"323402","Lepidosperma gunnii","","native","","","Y","not yet classified"
"323916","Lepidosperma laterale","variable sword-sedge","native","","","Y","not yet classified"
"708874","Lepidosperma semiteres","Wire rapier-sedge","native","","","Y","not yet classified"
"485276","Lepidosperma viscidum","sticky saw sedge","native","","","Y","not yet classified"
"548100","Leporella fimbriata","Hare Orchid","native","","","Y","not yet classified"
"323479","Leptocarpus tenax","slender twine-rush","native","","","Y","not yet classified"
"323922","Leptoceras menziesii","Rabbit Orchid","native","","","Y","not yet classified"
"923659","Leptomeria aphylla","leafless currant-bush","native","","","Y","not yet classified"
"824770","Leptorhynchos nitidulus","Shiny Buttons","native","MH","Medium herb","Y","guessed from genus – please check"
"893946","Leptorhynchos tenuifolius","Wiry Buttons","native","MH","Medium herb","Y","guessed from genus – please check"
"353876","Leptospermum continentale","prickly tea-tree","native","","","Y","not yet classified"
"323290","Leptospermum lanigerum","Woolly Teatree","native","","","Y","not yet classified"
"792337","Leptospermum obovatum","creek tea tree","native","","","Y","not yet classified"
"54699","Leptospermum scoparium","Tea Tree","native","","","Y","not yet classified"
"451070","Leptospermum turbinatum","shiny tea-tree","native","","","Y","not yet classified"
"403361","Leptostomum inclinans","Pincushion Moss","native","","","Y","not yet classified"
"403415","Leptotheca gaudichaudii","","native","","","Y","not yet classified"
"1251919","Lepyrodia flexuosa","","native","","","Y","not yet classified"
"409240","Lethocolea pansa","","native","","","Y","not yet classified"
"411028","Leucobryum javense","Milk moss","native","","","Y","not yet classified"
"55809","Leucojum aestivum","snowflake","introduced","","","N","not yet classified"
"717187","Leucopogon glacialis","twisted beard-heath","native","SS","Small or prostrate shrub","Y","guessed from genus – please check"
"892244","Leucopogon neurophyllus","veined beard-heath","native","SS","Small or prostrate shrub","Y","guessed from genus – please check"
"956563","Leucopogon thymifolius","Thyme beard-heath","native","SS","Small or prostrate shrub","Y","guessed from genus – please check"
"123191","Levenhookia dubia","Hairy Stylewort","native","","","Y","not yet classified"
"77740","Ligustrum lucidum","broad-leaf privet","introduced","","","N","not yet classified"
"323112","Lilaeopsis polyantha","Creeping Crantzia","native","","","Y","not yet classified"
"496063","Limonium lobatum","winged sea-lavender","introduced","","","N","not yet classified"
"60248","Limosella australis","delta mudwort","native","","","Y","not yet classified"
"324191","Linaria pelisseriana","Jersey toadflax","introduced","","","N","not yet classified"
"323952","Lindsaea linearis","Screw Fern","native","","","Y","not yet classified"
"417766","Linum marginale","native flax","native","","","Y","not yet classified"
"49658","Liquidambar styraciflua","American sweetgum","introduced","","","N","not yet classified"
"323829","Lobelia anceps","angled lobelia","native","","","Y","not yet classified"
"1237668","Lobelia browniana","","native","","","Y","not yet classified"
"369951","Lobelia concolor","Poison Pratia","native","","","Y","not yet classified"
"77797","Lobelia erinus","Garden Lobelia","introduced","","","N","not yet classified"
"323155","Lobelia gibbosa","tall lobelia","native","","","Y","not yet classified"
"1531095","Lobelia pachytricha","","native","","","Y","not yet classified"
"603241","Lobelia pratioides","Poison Lobelia","native","","","Y","not yet classified"
"787721","Lobelia rhombifolia","tufted lobelia","native","","","Y","not yet classified"
"853988","Lobelia simplicicaulis","narrow lobelia","native","","","Y","not yet classified"
"56949","Logfia gallica","narrowleaf cottonrose","introduced","","","N","not yet classified"
"527582","Lomandra collina","Pale Mat-rush","native","MTG","Medium to tiny tufted graminoid","Y","guessed from genus – please check"
"353962","Lomandra filiformis","wattle mat-rush","native","MTG","Medium to tiny tufted graminoid","Y","guessed from genus – please check"
"83375","Lomandra longifolia","Spiny-headed Mat-rush","native","MTG","Medium to tiny tufted graminoid","Y","guessed from genus – please check"
"511222","Lomandra micrantha","Small-flowered Matrush","native","MTG","Medium to tiny tufted graminoid","Y","guessed from genus – please check"
"353960","Lomandra multiflora","Many Flowered Matrush","native","MTG","Medium to tiny tufted graminoid","Y","guessed from genus – please check"
"527589","Lomandra sororia","sword mat-rush","native","MTG","Medium to tiny tufted graminoid","Y","guessed from genus – please check"
"403586","Lophocolea semiteres","Southern Crestwort","native","","","Y","not yet classified"
"164834","Lotus pedunculatus","greater bird's-foot-trefoil","introduced","","","N","not yet classified"
"129169","Lotus subbiflorus","Hairy Bird's-foot-trefoil","introduced","","","N","not yet classified"
"55703","Lunularia cruciata","Crescent-cup liverwort","introduced","","","N","not yet classified"
"894038","Luzula densiflora","woodrush","native","","","Y","not yet classified"
"323425","Luzula meridionalis","Common Wood-rush","native","","","Y","not yet classified"
"181615","Lycium ferocissimum","African boxthorn","introduced","MS","Medium shrub","N","guessed from genus – please check"
"366753","Lycopodium deuterodensum","Bushy Clubmoss","native","","","Y","not yet classified"
"1467819","Lysimachia loeflingii","Blue Pimpernel","introduced","SPH","Small or prostrate herb","N","guessed from genus – please check"
"58934","Lythrum hyssopifolia","Hyssop Loosestrife","native","","","Y","not yet classified"
"499836","Machaerina articulata","Jointed twig rush","native","","","Y","not yet classified"
"323898","Machaerina juncea","Tussock Swamp Twig Rush","native","","","Y","not yet classified"
"520367","Machaerina tetragona","square twig-sedge","native","","","Y","not yet classified"
"866641","Maireana decalvans","black cotton bush","native","","","Y","not yet classified"
"469472","Malus domestica","apple","introduced","","","N","not yet classified"
"327478","Marchantia berteroana","Bonfire Liverwort","native","","","Y","not yet classified"
"516891","Marianthus bignoniaceus","Orange Bell-climber","native","","","Y","not yet classified"
"54605","Marrubium vulgare","Horehound","introduced","","","N","not yet classified"
"738930","Marsilea drummondii","Common Nardoo","native","","","Y","not yet classified"
"77971","Medicago minima","woolly burr medic","introduced","","","N","not yet classified"
"53151","Medicago polymorpha","bur clover","introduced","","","N","not yet classified"
"323997","Melaleuca armillaris","Bracelet Honey-myrtle","native","","","Y","not yet classified"
"715335","Melaleuca brevifolia","Mallee honey-myrtle","native","","","Y","not yet classified"
"77976","Melaleuca citrina","crimson bottlebrush","native","","","Y","not yet classified"
"431304","Melaleuca decussata","Totem-poles","native","","","Y","not yet classified"
"323834","Melaleuca ericifolia","Swamp Paperbark","native","","","Y","not yet classified"
"465912","Melaleuca lanceolata","Moonah","native","","","Y","not yet classified"
"589725","Melaleuca rugulosa","Scarlet Bottlebrush","native","","","Y","not yet classified"
"479697","Melaleuca salicina","Willow bottlebrush","native","","","Y","not yet classified"
"323295","Melaleuca squamea","swamp honey-myrtle","native","","","Y","not yet classified"
"77977","Melaleuca viminalis","weeping bottlebrush","native","","","Y","not yet classified"
"635866","Melaleuca wilsonii","violet honey-myrtle","native","","","Y","not yet classified"
"537927","Melicytus dentatus","tree violet","native","","","Y","not yet classified"
"403857","Mentha australis","Native River Mint","native","","","Y","not yet classified"
"855299","Mentha laxiflora","forest mint","native","","","Y","not yet classified"
"57116","Mentha pulegium","Pennyroyal","introduced","","","N","not yet classified"
"559367","Microlaena stipoides","Weeping-grass","native","","","Y","not yet classified"
"479890","Micromyrtus ciliata","Fringed heath myrtle","native","","","Y","not yet classified"
"403940","Microseris scapigera","yam daisy","native","MH","Medium herb","Y","guessed from genus – please check"
"558110","Microtis atrata","yellow onion-orchid","native","MH","Medium herb","Y","guessed from genus – please check"
"403938","Microtis parviflora","slender onion-orchid","native","MH","Medium herb","Y","guessed from genus – please check"
"323836","Millotia muelleri","Common Bow-flower","native","SPH","Small or prostrate herb","Y","guessed from genus – please check"
"323837","Mitrasacme pilosa","","native","","","Y","not yet classified"
"403948","Mittenia plumula","Southern Goblin's Gold","native","","","Y","not yet classified"
"78087","Modiola caroliniana","Red-flowered Mallow","introduced","","","N","not yet classified"
"78088","Moenchia erecta","Upright Chickweed","introduced","","","N","not yet classified"
"323189","Monotoca scoparia","Prickly Broom-heath","native","","","Y","not yet classified"
"410942","Montia australasica","White Purslane","native","","","Y","not yet classified"
"58990","Montia fontana","blinks","native","","","Y","not yet classified"
"120416","Moraea flaccida","One-leaf Cape Tulip","introduced","","","N","not yet classified"
"568565","Moraea fugacissima","Lunch Clockflower","introduced","","","N","not yet classified"
"367403","Moraea miniata","Two-leaved Cape tulip","introduced","","","N","not yet classified"
"418435","Moraea setifolia","Thread Iris","introduced","","","N","not yet classified"
"849062","Muellerina eucalyptoides","creeping mistletoe","native","","","Y","not yet classified"
"57847","Muscari armeniacum","Common Grape Hyacinth","introduced","","","N","not yet classified"
"752221","Myoporum petiolatum","Sticky Boobialla","native to Australia but not local (likely planted)","UTLS","Understorey tree or large shrub","N","guessed from genus – please check"
"404027","Myosotis australis","","native","","","Y","not yet classified"
"70265","Myosotis discolor","yellow and blue forget-me-not","introduced","","","N","not yet classified"
"1038906","Myosurus australis","Southern Mousetail","native","","","Y","not yet classified"
"1061516","Myriophyllum amphibium","","native","AQ","Aquatic herb","Y","guessed from genus – please check"
"323841","Myriophyllum pedunculatum","","native","AQ","Aquatic herb","Y","guessed from genus – please check"
"407592","Myriophyllum simulans","","native","AQ","Aquatic herb","Y","guessed from genus – please check"
"56027","Narcissus tazetta","Bunch-flowered Daffodil","introduced","","","N","not yet classified"
"132846","Nerine sarniensis","Guernsey Lily","introduced","","","N","not yet classified"
"58334","Nicotiana glauca","tree tobacco","introduced","","","N","not yet classified"
"78249","Oenothera stricta","common evening primrose","introduced","","","N","not yet classified"
"57140","Olea europaea","Olive tree","introduced","","","N","not yet classified"
"323135","Olearia argophylla","musk daisy-bush","native","","","Y","not yet classified"
"607267","Olearia asterotricha","","native","","","Y","not yet classified"
"790933","Olearia ciliata","Fringed Daisy Bush","native","","","Y","not yet classified"
"323133","Olearia erubescens","Pink-tip Daisy-bush","native","","","Y","not yet classified"
"891462","Olearia floribunda","","native","","","Y","not yet classified"
"493351","Olearia glandulosa","Swamp Daisy-bush","native","","","Y","not yet classified"
"553374","Olearia lanuginosa","woolly daisy-bush","native","","","Y","not yet classified"
"323144","Olearia myrsinoides","Silky Daisy-bush","native","","","Y","not yet classified"
"465914","Olearia ramulosa","Twiggy Daisy-Bush","native","","","Y","not yet classified"
"1084251","Olearia speciosa","","native","","","Y","not yet classified"
"340986","Onopordum acaulon","stemless cotton-thistle","introduced","","","N","not yet classified"
"906234","Opercularia ovata","Broad-leaved stinkweed","native","","","Y","not yet classified"
"956297","Opercularia scabrida","rough stinkweed","native","","","Y","not yet classified"
"323851","Opercularia varia","variable stinkweed","native","","","Y","not yet classified"
"137254","Ophioglossum lusitanicum","Austral adder's-tongue","native","","","Y","not yet classified"
"78270","Opuntia robusta","wheel cactus","introduced","MS","Medium shrub","N","guessed from genus – please check"
"855356","Ornduffia reniformis","","native","","","Y","not yet classified"
"855355","Ornduffia umbricola","","native","","","Y","not yet classified"
"55664","Orthoceras strictum","Birds mouth orchid","native","","","Y","not yet classified"
"380911","Orthodontium lineare","Cape Thread-moss","native","","","Y","not yet classified"
"404420","Osteospermum moniliferum","Boneseed","introduced","","","N","not yet classified"
"210186","Ottelia ovalifolia","Swamp lily","native","","","Y","not yet classified"
"57805","Oxalis articulata","Shamrock oxalis","native","SPH","Small or prostrate herb","Y","guessed from genus – please check"
"53168","Oxalis corniculata","Creeping Woodsorrel","native","SPH","Small or prostrate herb","Y","guessed from genus – please check"
"57865","Oxalis exilis","least yellow-sorrel","native","SPH","Small or prostrate herb","Y","guessed from genus – please check"
"61776","Oxalis incarnata","Pale pink-sorrel","native","SPH","Small or prostrate herb","Y","guessed from genus – please check"
"53169","Oxalis pes-caprae","Soursob","native","SPH","Small or prostrate herb","Y","guessed from genus – please check"
"78301","Oxalis purpurea","Purple woodsorrel","native","SPH","Small or prostrate herb","Y","guessed from genus – please check"
"353934","Ozothamnus ferrugineus","Tree Everlasting","native","","","Y","not yet classified"
"78337","Panicum capillare","witch grass","introduced","","","N","not yet classified"
"1678990","Parakeelya calyptrata","Pink Purslane","native","","","Y","not yet classified"
"1679085","Parakeelya granulifera","Pygmy Purslane","native","","","Y","not yet classified"
"69923","Parentucellia latifolia","red bartsia","introduced","","","N","not yet classified"
"60295","Paspalum dilatatum","caterpillar grass","introduced","","","N","not yet classified"
"60297","Paspalum distichum","knot grass","native","","","Y","not yet classified"
"51454","Passiflora caerulea","blue passion flower","introduced","","","N","not yet classified"
"320851","Patersonia fragilis","Short Purple-flag","native","","","Y","not yet classified"
"145396","Patersonia occidentalis","Purple Flag","native","","","Y","not yet classified"
"119792","Paulownia tomentosa","princess tree","introduced","","","N","not yet classified"
"323850","Pelargonium australe","Austral Stork's-bill","native","MH","Medium herb","Y","guessed from genus – please check"
"166285","Pelargonium inodorum","Kopata","native","MH","Medium herb","Y","guessed from genus – please check"
"591732","Pentameris airoides","False Hairgrass","introduced","","","N","not yet classified"
"1686608","Pentapogon crinitus","Long Hair Plume Grass","native","","","Y","not yet classified"
"404693","Pentapogon quadrifidus","","native","","","Y","not yet classified"
"1597116","Pentapogon quadrisetus","","native","","","Y","not yet classified"
"369917","Persicaria decipiens","slender knotweed","native","","","Y","not yet classified"
"866262","Persicaria praetermissa","","native","","","Y","not yet classified"
"409245","Persicaria prostrata","Creeping Knotweed","native","","","Y","not yet classified"
"323847","Persoonia juniperina","Prickly Geebung","native","","","Y","not yet classified"
"911842","Persoonia rigida","Hairy Geebung","native","","","Y","not yet classified"
"60602","Petrorhagia dubia","Hairypink","introduced","","","N","not yet classified"
"78464","Petrorhagia nanteuilii","proliferous pink","introduced","","","N","not yet classified"
"57191","Phalaris canariensis","canary grass","introduced","LTG","Large tufted graminoid","N","guessed from genus – please check"
"57194","Phalaris minor","Lesser Canary Grass","introduced","LTG","Large tufted graminoid","N","guessed from genus – please check"
"892961","Phebalium stenophyllum","","native","","","Y","not yet classified"
"1409116","Philonotis australiensis","","native","","","Y","not yet classified"
"404795","Philonotis scabrifolia","","native","","","Y","not yet classified"
"321047","Philotheca angustifolia","narrow-leaf wax flower","native","","","Y","not yet classified"
"958094","Philotheca pungens","prickly waxflower","native","","","Y","not yet classified"
"568852","Philotheca verrucosa","fairy wax-flower","native","","","Y","not yet classified"
"426410","Philydrum lanuginosum","woolly frog's-mouth","native","","","Y","not yet classified"
"64237","Phragmites australis","common reed","native","","","Y","not yet classified"
"59040","Phyla nodiflora","hairy fogfruit","introduced","","","N","not yet classified"
"1348451","Phyllangium distylis","","native","","","Y","not yet classified"
"1081348","Phyllangium divergens","","native","","","Y","not yet classified"
"353885","Phyllanthus hirtellus","Thyme Spurge","native","","","Y","not yet classified"
"323946","Phylloglossum drummondii","pygmy clubmoss","native","","","Y","not yet classified"
"705901","Phyllota pleurandroides","Heathy Phyllota","native","","","Y","not yet classified"
"155483","Phytolacca octandra","Inkweed","introduced","","","N","not yet classified"
"977348","Pigea floribunda","Shrub Violet","native","","","Y","not yet classified"
"370129","Pimelea axiflora","bootlace bush","native","SS","Small or prostrate shrub","Y","guessed from genus – please check"
"552999","Pimelea flava","Yellow Rice-flower","native","SS","Small or prostrate shrub","Y","guessed from genus – please check"
"323852","Pimelea glauca","smooth riceflower","native","SS","Small or prostrate shrub","Y","guessed from genus – please check"
"321037","Pimelea linifolia","slender rice flower","native","SS","Small or prostrate shrub","Y","guessed from genus – please check"
"564889","Pimelea octophylla","Woolly Rice-flower","native","SS","Small or prostrate shrub","Y","guessed from genus – please check"
"790598","Pimelea pagophila","","native","SS","Small or prostrate shrub","Y","guessed from genus – please check"
"565104","Pimelea phylicoides","heath riceflower","native","SS","Small or prostrate shrub","Y","guessed from genus – please check"
"1084244","Pimelea spinescens","Spiny Rice-Flower","native","SS","Small or prostrate shrub","Y","guessed from genus – please check"
"82722","Pinus halepensis","Aleppo pine","introduced","","","N","not yet classified"
"53421","Pinus radiata","Monterey pine","introduced","","","N","not yet classified"
"51594","Pittosporum undulatum","Sweet Pittosporum","native","","","Y","not yet classified"
"404945","Plagiochila strombifolia","","native","","","Y","not yet classified"
"58960","Plantago coronopus","Buck's-horn Plantain","introduced","","","N","not yet classified"
"58961","Plantago major","greater plantain","introduced","","","N","not yet classified"
"404986","Plantago varia","Variable Plantain","native","","","Y","not yet classified"
"138742","Platylobium alternifolium","Victorian Flat-pea","native","SS","Small or prostrate shrub","Y","guessed from genus – please check"
"964771","Platylobium rotundum","","native","SS","Small or prostrate shrub","Y","guessed from genus – please check"
"321207","Platysace lanceolata","Shrubby Platysace","native","SPH","Small or prostrate herb","Y","guessed from genus – please check"
"52808","Poa annua","Winter grass","introduced","","","N","not yet classified"
"1159029","Poa clelandii","","native","","","Y","not yet classified"
"323470","Poa labillardierei","river tussock grass","native","","","Y","not yet classified"
"1007038","Poa morrisii","soft tussock-grass","native","","","Y","not yet classified"
"827895","Podolepis decipiens","Common Podolepis","native","MH","Medium herb","Y","guessed from genus – please check"
"577914","Podolepis jaceoides","Showy Copper-wire Daisy","native","MH","Medium herb","Y","guessed from genus – please check"
"511254","Podotheca angustifolia","Sticky Long-heads","native","","","Y","not yet classified"
"58876","Polycarpon tetraphyllum","fourleaf manyseed","introduced","","","N","not yet classified"
"78678","Polygonum aviculare","Prostrate Knotweed","introduced","","","N","not yet classified"
"167255","Polygonum plebeium","Small Knotweed","native","","","Y","not yet classified"
"57197","Polypogon monspeliensis","rabbitfoot grass","introduced","","","N","not yet classified"
"323508","Polystichum proliferum","mother shield-fern","native","","","Y","not yet classified"
"405181","Polytrichadelphus magellanicus","","native","","","Y","not yet classified"
"167286","Polytrichastrum alpinum","Alpine Haircap Moss","native","","","Y","not yet classified"
"68293","Polytrichum commune","Common Haircap Moss","native","BRY","Bryophyte or liverwort","Y","guessed from genus – please check"
"68290","Polytrichum formosum","Bank Haircap Moss","native","BRY","Bryophyte or liverwort","Y","guessed from genus – please check"
"184928","Pomaderris apetala","","native","","","Y","not yet classified"
"184927","Pomaderris aspera","Hazel Pomaderris","native","","","Y","not yet classified"
"893151","Pomaderris elachophylla","","native","","","Y","not yet classified"
"603252","Pomaderris racemosa","","native","","","Y","not yet classified"
"560196","Poranthera corymbosa","","native","","","Y","not yet classified"
"210166","Poranthera microphylla","Small Poranthera","native","","","Y","not yet classified"
"347396","Potamogeton cheesemanii","Red Pondweed","native","","","Y","not yet classified"
"323924","Prasophyllum brevilabre","short-lip leek orchid","native","MH","Medium herb","Y","guessed from genus – please check"
"323927","Prasophyllum elatum","Tall Leek Orchid","native","MH","Medium herb","Y","guessed from genus – please check"
"559125","Prasophyllum lindleyanum","Green leek orchid","native","MH","Medium herb","Y","guessed from genus – please check"
"553195","Prasophyllum odoratum","Fragrant Leek Orchid","native","MH","Medium herb","Y","guessed from genus – please check"
"560667","Prostanthera decussata","","native","","","Y","not yet classified"
"557453","Prostanthera denticulata","Rough Mint-bush","native","","","Y","not yet classified"
"577852","Prostanthera hirtula","","native","","","Y","not yet classified"
"155196","Prostanthera lasianthos","Christmas Bush","native","","","Y","not yet classified"
"135365","Prostanthera ovalifolia","oval-leaf mintbush","native","","","Y","not yet classified"
"516640","Prostanthera rotundifolia","Roundleaf mintbush","native","","","Y","not yet classified"
"878263","Prostanthera saxicola","","native","","","Y","not yet classified"
"893923","Prostanthera spinosa","spiny mint-bush","native","","","Y","not yet classified"
"55837","Prunus cerasifera","Cherry-plum","introduced","","","N","not yet classified"
"61432","Prunus laurocerasus","Cherry laurel","introduced","","","N","not yet classified"
"127529","Prunus lusitanica","Portuguese laurel","introduced","","","N","not yet classified"
"956003","Pseudanthus ovalifolius","","native","","","Y","not yet classified"
"156456","Pseudocrossidium crinitum","Bearded Screwmoss","native","","","Y","not yet classified"
"1528726","Pseudognaphalium lanatum","","native","SPH","Small or prostrate herb","Y","guessed from genus – please check"
"1136699","Pseudoleskeopsis imbricata","","native","","","Y","not yet classified"
"405324","Pseudomarsupidium piliferum","","native","","","Y","not yet classified"
"167517","Psilotum nudum","skeleton fork fern","native","","","Y","not yet classified"
"194768","Pteridium esculentum","Austral Bracken","native","","","Y","not yet classified"
"78778","Pteris tremula","Shaking Brake","native","","","Y","not yet classified"
"557985","Pterostylis aciculiformis","Slender Ruddyhood","native","","","Y","not yet classified"
"516882","Pterostylis alpina","mountain greenhood","native","","","Y","not yet classified"
"1067981","Pterostylis arbuscula","","native","","","Y","not yet classified"
"557904","Pterostylis biseta","bristled rustyhood","native","","","Y","not yet classified"
"552469","Pterostylis chlorogramma","green-striped greenhood","native","","","Y","not yet classified"
"323939","Pterostylis cycnocephala","swan greenhood","native","","","Y","not yet classified"
"1108271","Pterostylis diminuta","","native","","","Y","not yet classified"
"1469373","Pterostylis extensa","","native","","","Y","not yet classified"
"553204","Pterostylis falcata","large sickle greenhood","native","","","Y","not yet classified"
"805401","Pterostylis macilenta","","native","","","Y","not yet classified"
"323437","Pterostylis pedunculata","maroonhood","native","","","Y","not yet classified"
"805538","Pterostylis planulata","","native","","","Y","not yet classified"
"323926","Pterostylis plumosa","bearded greenhood","native","","","Y","not yet classified"
"1063468","Pterostylis prasina","","native","","","Y","not yet classified"
"553198","Pterostylis pusilla","tiny rustyhood","native","","","Y","not yet classified"
"876916","Pterostylis robusta","large striped greenhood","native","","","Y","not yet classified"
"629256","Pterostylis rubescens","blushing tiny greenhood","native","","","Y","not yet classified"
"416798","Pterostylis sanguinea","Red-banded Greenhood","native","","","Y","not yet classified"
"553201","Pterostylis setifera","","native","","","Y","not yet classified"
"405444","Pterostylis tasmanica","small bearded greenhood","native","","","Y","not yet classified"
"973208","Ptilotus erubescens","hairy heads","native","","","Y","not yet classified"
"551686","Ptilotus macrocephalus","green mulla mulla","native","","","Y","not yet classified"
"1111648","Ptilotus semilanatus","","native","","","Y","not yet classified"
"202124","Ptilotus spathulatus","pussy tails","native","","","Y","not yet classified"
"407324","Ptychomnion aciculare","pipe-cleaner moss","native","","","Y","not yet classified"
"1121982","Ptychostomum capillare","Capillary Thread-moss","native","","","Y","not yet classified"
"1122377","Ptychostomum torquescens","","native","","","Y","not yet classified"
"1198727","Pullenia gunnii","slender tick-trefoil","native","","","Y","not yet classified"
"1092452","Pultenaea benthamii","bentham's bush-pea","native","","","Y","not yet classified"
"1243917","Pultenaea costata","ribbed bush-pea","native","","","Y","not yet classified"
"321215","Pultenaea daphnoides","Large-leaf Bush Pea","native","","","Y","not yet classified"
"323857","Pultenaea dentata","clustered bush-pea","native","","","Y","not yet classified"
"553191","Pultenaea hispidula","rusty bush-pea","native","","","Y","not yet classified"
"904718","Pultenaea humilis","dwarf bush-pea","native","","","Y","not yet classified"
"143933","Pultenaea juniperina","prickly beauty","native","","","Y","not yet classified"
"568091","Pultenaea laxiflora","loose-flower bush-pea","native","","","Y","not yet classified"
"894246","Pultenaea mollis","soft bush-pea","native","","","Y","not yet classified"
"628021","Pultenaea prostrata","silky bush pea","native","","","Y","not yet classified"
"328041","Pultenaea scabra","Rough Bush-pea","native","","","Y","not yet classified"
"1092453","Pultenaea subalpina","rosy bush-pea","native","","","Y","not yet classified"
"1092448","Pultenaea williamsoniana","williamson's bush-pea","native","","","Y","not yet classified"
"119793","Pyrus calleryana","Callery pear","introduced","","","N","not yet classified"
"511260","Quinetia urvillei","","native","","","Y","not yet classified"
"273660","Racomitrium crispulum","","native","","","Y","not yet classified"
"273701","Racopilum cuspidigerum","","native","","","Y","not yet classified"
"353823","Ranunculus inundatus","river buttercup","native","","","Y","not yet classified"
"369571","Ranunculus lappaceus","Australian Buttercup","native","","","Y","not yet classified"
"57240","Ranunculus muricatus","sharp buttercup","introduced","","","N","not yet classified"
"1038752","Ranunculus pumilio","","native","","","Y","not yet classified"
"790936","Ranunculus robertsonii","slender buttercup","native","","","Y","not yet classified"
"405616","Ranunculus sessiliflorus","small-flowered buttercup","native","","","Y","not yet classified"
"281961","Rhacocarpus purpurascens","Royal Rock Moss","native","","","Y","not yet classified"
"82856","Rhamnus alaternus","Mediterranean buckthorn","introduced","","","N","not yet classified"
"1242866","Rhodanthe laevis","smooth sunray","native","","","Y","not yet classified"
"353970","Rhytidosporum procumbens","white marianth","native","","","Y","not yet classified"
"405685","Riccardia crassa","","native","","","Y","not yet classified"
"1080171","Riccia cartilaginosa","","native","","","Y","not yet classified"
"405698","Riccia crozalsii","","native","","","Y","not yet classified"
"56414","Riccia crystallina","Blue crystalwort","native","","","Y","not yet classified"
"1048374","Riccia multifida","","native","","","Y","not yet classified"
"1080344","Riccia papulosa","","native","","","Y","not yet classified"
"461396","Riccia subbifurca","Least Crystalwort","native","","","Y","not yet classified"
"1407084","Riella halophila","","native","","","Y","not yet classified"
"911077","Rinzia orientalis","Desert Baeckea","native","","","Y","not yet classified"
"405726","Romulea minutiflora","Small-flowered onion grass","introduced","SPH","Small or prostrate herb","N","guessed from genus – please check"
"323170","Rorippa dictyosperma","forest bitter-cress","native","","","Y","not yet classified"
"1040817","Rorippa gigantea","","native","","","Y","not yet classified"
"64162","Rorippa palustris","Bog Yellowcress","introduced","","","N","not yet classified"
"78886","Rosa rubiginosa","Sweet-brier","introduced","","","N","not yet classified"
"167999","Rostraria cristata","Mediterranean Hair-grass","introduced","","","N","not yet classified"
"480384","Rosulabryum billardierei","","native","","","Y","not yet classified"
"784791","Rosulabryum campylothecium","","native","","","Y","not yet classified"
"480385","Rosulabryum subtomentosum","","native","","","Y","not yet classified"
"51645","Rubus parvifolius","native raspberry","native","","","Y","not yet classified"
"369722","Rumex brownii","Slender Dock","introduced","SPH","Small or prostrate herb","N","guessed from genus – please check"
"53197","Rumex crispus","curled dock","introduced","SPH","Small or prostrate herb","N","guessed from genus – please check"
"1255168","Rutidosis leptorrhynchoides","button wrinklewort","native","","","Y","not yet classified"
"78918","Rytidosperma caespitosum","Common Wallaby-grass","native","MTG","Medium to tiny tufted graminoid","Y","guessed from genus – please check"
"405781","Rytidosperma erianthum","Hill Wallaby-grass","native","MTG","Medium to tiny tufted graminoid","Y","guessed from genus – please check"
"417797","Rytidosperma fulvum","Copper-awned Wallaby Grass","native","MTG","Medium to tiny tufted graminoid","Y","guessed from genus – please check"
"405779","Rytidosperma geniculatum","Kneed Wallaby-grass","native","MTG","Medium to tiny tufted graminoid","Y","guessed from genus – please check"
"870097","Rytidosperma monticola","","native","MTG","Medium to tiny tufted graminoid","Y","guessed from genus – please check"
"553265","Rytidosperma pallidum","red-anther wallaby grass","native","MTG","Medium to tiny tufted graminoid","Y","guessed from genus – please check"
"118431","Rytidosperma pilosum","Velvet Wallaby-grass","native","MTG","Medium to tiny tufted graminoid","Y","guessed from genus – please check"
"78920","Rytidosperma racemosum","Clustered Wallaby-grass","native","MTG","Medium to tiny tufted graminoid","Y","guessed from genus – please check"
"323903","Rytidosperma setaceum","Bristly Wallaby-grass","native","MTG","Medium to tiny tufted graminoid","Y","guessed from genus – please check"
"57896","Salsola tragus","Prickly Russian Thistle","native","","","Y","not yet classified"
"53219","Salvia hispanica","chia","introduced","","","N","not yet classified"
"82925","Salvia verbenaca","wild clary","introduced","","","N","not yet classified"
"538228","Sambucus gaudichaudiana","White Elderberry","native","","","Y","not yet classified"
"323870","Samolus repens","Creeping Brookweed","native","","","Y","not yet classified"
"349273","Scaevola aemula","Fairy Fan-flower","native","","","Y","not yet classified"
"486531","Schinus areira","Peppercorn Tree","introduced","","","N","not yet classified"
"168566","Schistidium apocarpum","Sessile Grimmia","native","","","Y","not yet classified"
"405884","Schizaea bifida","Forked Comb Fern","native","","","Y","not yet classified"
"323528","Schizaea fistulosa","Comb Fern","native","","","Y","not yet classified"
"380970","Schizymenium bryoides","","native","","","Y","not yet classified"
"960409","Schoenus breviculmis","matted bog-rush","native","MTG","Medium to tiny tufted graminoid","Y","guessed from genus – please check"
"323409","Schoenus maschalinus","Dwarf Bogrush","native","MTG","Medium to tiny tufted graminoid","Y","guessed from genus – please check"
"244096","Scilla peruviana","Portuguese squill","introduced","","","N","not yet classified"
"405916","Sclerodontium pallidum","","native","","","Y","not yet classified"
"787836","Sclerolaena muricata","Black Roly-poly","native","","","Y","not yet classified"
"405936","Sebaea ovata","","native","","","Y","not yet classified"
"873070","Selaginella gracillima","","native","","","Y","not yet classified"
"137058","Selaginella uliginosa","Swamp Spikemoss","native","","","Y","not yet classified"
"405940","Sematophyllum homomallum","Bronze Moss","native","","","Y","not yet classified"
"353932","Senecio bathurstianus","Rough Fireweed","native","","","Y","not yet classified"
"60981","Senecio glomeratus","Cutleaf burnweed","native","","","Y","not yet classified"
"405973","Senecio hispidulus","Rough Fireweed","native","","","Y","not yet classified"
"79048","Senecio linearifolius","fireweed groundsel","native","","","Y","not yet classified"
"628012","Senecio macrocarpus","fluffy groundsel","native","","","Y","not yet classified"
"493350","Senecio microbasis","","native","","","Y","not yet classified"
"60980","Senecio minimus","coastal burnweed","native","","","Y","not yet classified"
"792594","Senecio phelleus","Rock Fireweed","native","","","Y","not yet classified"
"353931","Senecio pinnatifolius","pinnate-leaved groundsel","native","","","Y","not yet classified"
"1126609","Senecio prenanthoides","Beaked Fireweed","native","","","Y","not yet classified"
"1084358","Senecio runcinifolius","thistle-leaf groundsel","native","","","Y","not yet classified"
"553181","Senecio spanomerus","Variable Groundsel","native","","","Y","not yet classified"
"79068","Setaria parviflora","slender pigeon-grass","introduced","","","N","not yet classified"
"47691","Sherardia arvensis","Field madder","introduced","","","N","not yet classified"
"520474","Sida corrugata","Corrugated Sida","native","","","Y","not yet classified"
"168955","Sigesbeckia orientalis","Eastern St Paul's-wort","native","","","Y","not yet classified"
"53212","Silene gallica","Small-flowered Catchfly","introduced","","","N","not yet classified"
"243556","Siloxerus multiflorus","small wrinklewort","native","","","Y","not yet classified"
"53266","Sisymbrium officinale","Hedge mustard","introduced","","","N","not yet classified"
"284004","Sisyrinchium micranthum","Blue Pigroot","introduced","","","N","not yet classified"
"328092","Solanum laciniatum","kangaroo-apple","native","","","Y","not yet classified"
"51737","Solanum lycopersicum","tomato","introduced","","","N","not yet classified"
"79141","Solanum nigrum","black nightshade","introduced","","","N","not yet classified"
"554216","Solanum simile","oondoroo","native","","","Y","not yet classified"
"577731","Solanum vescum","green kangaroo-apple","native","","","Y","not yet classified"
"210170","Solenogyne dominii","Smooth Solenogyne","native","","","Y","not yet classified"
"60150","Soliva sessilis","common soliva","introduced","","","N","not yet classified"
"53269","Sonchus asper","prickly sowthistle","introduced","","","N","not yet classified"
"53294","Sonchus oleraceus","Common Sow-thistle","introduced","","","N","not yet classified"
"50843","Sparaxis tricolor","Harlequin flower","introduced","","","N","not yet classified"
"55730","Spergularia rubra","Red Sand Spurrey","introduced","","","N","not yet classified"
"1243963","Sphaerolobium acanthos","Grampians globe-pea","native","","","Y","not yet classified"
"323866","Sphaerolobium minus","globe-pea","native","","","Y","not yet classified"
"409601","Sphagnum novo-zelandicum","","native","","","Y","not yet classified"
"323477","Sporadanthus tasmanicus","","native","","","Y","not yet classified"
"323196","Sprengelia incarnata","Pink Swamp Heath","native","","","Y","not yet classified"
"1242437","Spyridium daltonii","","native","","","Y","not yet classified"
"516890","Spyridium parvifolium","Australian dusty miller","native","","","Y","not yet classified"
"570168","Spyridium vexilliferum","Winged Spyridium","native","","","Y","not yet classified"
"1256803","Spyridium × ramosissimum","Branched Spyridium","native","","","Y","not yet classified"
"560025","Stackhousia aspericocca","Bushy Candles","native","","","Y","not yet classified"
"417781","Stackhousia viminea","Yellow Stackhousia","native","","","Y","not yet classified"
"417689","Stellaria flaccida","Forest Starwort","native","","","Y","not yet classified"
"53298","Stellaria media","common chickweed","introduced","","","N","not yet classified"
"210160","Stellaria pungens","prickly starwort","native","","","Y","not yet classified"
"1391985","Stenanthera pinifolia","pine heath","native","SS","Small or prostrate shrub","Y","guessed from genus – please check"
"468001","Sticherus urceolatus","Spreading Fan-fern","native","","","Y","not yet classified"
"1137648","Streblotrichum convolutum","lesser bird's-claw beard-moss","native","","","Y","not yet classified"
"406368","Stuartina muelleri","Spoon Leaved Cudweed","native","","","Y","not yet classified"
"64239","Stuckenia pectinata","Fennel-leaf Pondweed","native","","","Y","not yet classified"
"145669","Stylidium androsaceum","","native","","","Y","not yet classified"
"342322","Stylidium armeria","Thrift-leaved Triggerplant","native","","","Y","not yet classified"
"516577","Stylidium beaugleholei","","native","","","Y","not yet classified"
"145685","Stylidium despectum","Small Triggerplant","native","","","Y","not yet classified"
"145695","Stylidium ecorne","Foot Triggerplant","native","","","Y","not yet classified"
"145703","Stylidium graminifolium","Grass Triggerplant","native","","","Y","not yet classified"
"323894","Stylidium perpusillum","Tiny Triggerplant","native","","","Y","not yet classified"
"145542","Stylidium soboliferum","Grampians Triggerplant","native","","","Y","not yet classified"
"353957","Stypandra glauca","nodding blue lily","native","","","Y","not yet classified"
"155963","Styphelia adscendens","Golden Heath","native","SS","Small or prostrate shrub","Y","guessed from genus – please check"
"1399665","Styphelia ericoides","Bearded Heath","native","SS","Small or prostrate shrub","Y","guessed from genus – please check"
"1374978","Styphelia rufa","ruddy bearded-heath","native","SS","Small or prostrate shrub","Y","guessed from genus – please check"
"1134903","Swainsona brachycarpa","Slender Swainson-pea","native","","","Y","not yet classified"
"557455","Swainsona procumbens","Broughton Pea","native","","","Y","not yet classified"
"1010899","Syzygiella colorata","","native","","","Y","not yet classified"
"47602","Taraxacum officinale","common dandelion","introduced","","","N","not yet classified"
"323362","Tasmannia lanceolata","Mountain Pepper","native","","","Y","not yet classified"
"406409","Tayloria octoblepharum","Austral Poop Moss","native","","","Y","not yet classified"
"1092257","Templetonia stenophylla","leafy templetonia","native","","","Y","not yet classified"
"802795","Tetrarrhena distichophylla","","native","","","Y","not yet classified"
"802793","Tetrarrhena juncea","Forest Wire-grass","native","","","Y","not yet classified"
"323368","Tetratheca pilosa","Hairy Pink-bells","native","SS","Small or prostrate shrub","Y","guessed from genus – please check"
"481615","Teucrium racemosum","Grey Germander","native","","","Y","not yet classified"
"423671","Thelionema caespitosum","Tufted Blue Lily","native","","","Y","not yet classified"
"955346","Thelymitra alcockiae","Kath's sun orchid","native","MH","Medium herb","Y","guessed from genus – please check"
"958338","Thelymitra arenaria","forest sun orchid","native","MH","Medium herb","Y","guessed from genus – please check"
"520289","Thelymitra benthamiana","blotched sun-orchid","native","MH","Medium herb","Y","guessed from genus – please check"
"553192","Thelymitra brevifolia","Peppertop Sun-orchid","native","MH","Medium herb","Y","guessed from genus – please check"
"510016","Thelymitra carnea","pink sun-orchid","native","MH","Medium herb","Y","guessed from genus – please check"
"1154829","Thelymitra exigua","","native","MH","Medium herb","Y","guessed from genus – please check"
"323933","Thelymitra flexuosa","twisted sun-orchid","native","MH","Medium herb","Y","guessed from genus – please check"
"558109","Thelymitra holmesii","Blue Star Sun-orchid","native","MH","Medium herb","Y","guessed from genus – please check"
"406521","Thelymitra juncifolia","large-spotted sun orchid","native","MH","Medium herb","Y","guessed from genus – please check"
"1063474","Thelymitra latifolia","","native","MH","Medium herb","Y","guessed from genus – please check"
"406522","Thelymitra matthewsii","Matthews's Spiral Sun Orchid","native","MH","Medium herb","Y","guessed from genus – please check"
"577983","Thelymitra nuda","Scented sun-orchid","native","MH","Medium herb","Y","guessed from genus – please check"
"1249966","Thelymitra pallidifructus","","native","MH","Medium herb","Y","guessed from genus – please check"
"406514","Thelymitra pauciflora","slender sun-orchid","native","MH","Medium herb","Y","guessed from genus – please check"
"567946","Thelymitra × chasmogama","","native","MH","Medium herb","Y","guessed from genus – please check"
"806560","Thelymitra × truncata","truncate sun orchid","native","MH","Medium herb","Y","guessed from genus – please check"
"567110","Thomasia petalocalyx","paper flower","native","","","Y","not yet classified"
"431686","Thryptomene calycina","Grampians heath myrtle","native","","","Y","not yet classified"
"782851","Thuidiopsis sparsa","Sparse Fern Moss","native","","","Y","not yet classified"
"1432679","Thynninorchis huntiana","elbow orchid","native","","","Y","not yet classified"
"472208","Thyridia repens","creeping monkey-flower","native","","","Y","not yet classified"
"863562","Thysanotus racemoides","rush fringe-lily","native","SCC","Scrambler or climber","Y","guessed from genus – please check"
"122043","Thysanotus tuberosus","Common Fringe-lily","native","SCC","Scrambler or climber","Y","guessed from genus – please check"
"323949","Todea barbara","king fern","native","","","Y","not yet classified"
"123498","Tortula muralis","Wall Screw-moss","native","","","Y","not yet classified"
"511206","Trachymene pilosa","Native Parsnip","native","","","Y","not yet classified"
"68608","Trentepohlia aurea","Orange Rock Hair","native","","","Y","not yet classified"
"64238","Tribulus terrestris","caltrop","introduced","","","N","not yet classified"
"924266","Tricostularia pauciflora","","native","","","Y","not yet classified"
"79414","Trifolium cernuum","nodding clover","introduced","SPH","Small or prostrate herb","N","guessed from genus – please check"
"53313","Trifolium dubium","Lesser hop trefoil","introduced","SPH","Small or prostrate herb","N","guessed from genus – please check"
"61021","Trifolium glomeratum","Clustered clover","introduced","SPH","Small or prostrate herb","N","guessed from genus – please check"
"55745","Trifolium repens","white clover","introduced","SPH","Small or prostrate herb","N","guessed from genus – please check"
"61024","Trifolium tomentosum","woolly clover","introduced","SPH","Small or prostrate herb","N","guessed from genus – please check"
"79434","Trifolium vessiculosum","arrowleaf clover","introduced","SPH","Small or prostrate herb","N","guessed from genus – please check"
"1134084","Triglochin nana","","native","","","Y","not yet classified"
"79437","Triglochin scilloides","flowering-quillwort","introduced","","","N","not yet classified"
"79438","Triglochin striata","Three-ribbed Arrowgrass","native","","","Y","not yet classified"
"733330","Triodia scariosa","Porcupine Grass","native","","","Y","not yet classified"
"210155","Triptilodiscus pygmaeus","Common Sunray","native","","","Y","not yet classified"
"353829","Triquetrella papillata","","native","","","Y","not yet classified"
"51751","Ulex europaeus","gorse","introduced","","","N","not yet classified"
"53315","Urtica urens","Dwarf Nettle","introduced","","","N","not yet classified"
"602497","Utricularia barkeri","Bill's Fairy Apron","native","","","Y","not yet classified"
"508359","Utricularia beaugleholei","","native","","","Y","not yet classified"
"123241","Utricularia dichotoma","fairy aprons","native","","","Y","not yet classified"
"508361","Utricularia grampiana","","native","","","Y","not yet classified"
"320833","Utricularia lateriflora","Tiny Bladderwort","native","","","Y","not yet classified"
"508360","Utricularia tenella","Pink Bladderwort","native","","","Y","not yet classified"
"430570","Vallisneria australis","","native","","","Y","not yet classified"
"353929","Vellereophyton dealbatum","White Cudweed","introduced","","","N","not yet classified"
"59029","Verbascum thapsus","great mullein","introduced","","","N","not yet classified"
"64130","Verbascum virgatum","Wand Mullein","introduced","","","N","not yet classified"
"55748","Veronica arvensis","wall speedwell","introduced","","","N","not yet classified"
"568774","Veronica calycina","hairy speedwell","native","","","Y","not yet classified"
"353890","Veronica derwentiana","derwent speedwell","native","","","Y","not yet classified"
"804469","Veronica gracilis","Slender Speedwell","native","","","Y","not yet classified"
"353889","Veronica plebeia","Australian Speedwell","native","","","Y","not yet classified"
"53324","Vicia sativa","Common Vetch","introduced","","","N","not yet classified"
"353911","Viminaria juncea","native broom","native","","","Y","not yet classified"
"53326","Vinca major","blue periwinkle","introduced","","","N","not yet classified"
"210157","Viola betonicifolia","native violet","native","","","Y","not yet classified"
"566603","Viola cleistogamoides","Hidden Violet","native","","","Y","not yet classified"
"602954","Viola eminens","Stately Violet","native","","","Y","not yet classified"
"321186","Viola hederacea","Ivy Leaved Violet","native","","","Y","not yet classified"
"55845","Viola odorata","Sweet violet","introduced","","","N","not yet classified"
"320847","Viola sieberiana","Tiny violet","native","","","Y","not yet classified"
"353928","Vittadinia cuneata","","native","MH","Medium herb","Y","guessed from genus – please check"
"406979","Vittadinia dissecta","Dissected New Holland Daisy","native","MH","Medium herb","Y","guessed from genus – please check"
"210145","Wahlenbergia gracilenta","Annual Bluebell","native","MH","Medium herb","Y","guessed from genus – please check"
"321055","Wahlenbergia gracilis","Australian Bluebell","native","MH","Medium herb","Y","guessed from genus – please check"
"170297","Watsonia borbonica","Bugle-lily","introduced","","","N","not yet classified"
"79523","Watsonia meriana","Bulbil Bugle-lily","introduced","","","N","not yet classified"
"170306","Weissia controversa","Green-tufted Stubble Moss","native","","","Y","not yet classified"
"803832","Westringia glabra","violet westringia","native","","","Y","not yet classified"
"407016","Wijkia extenuata","","native","","","Y","not yet classified"
"957318","Wurmbea uniflora","","native","SPH","Small or prostrate herb","Y","guessed from genus – please check"
"58045","Xanthium spinosum","Bathurst Burr","introduced","","","N","not yet classified"
"577994","Xanthorrhoea caespitosa","Sand-heath Grasstree","native","LTG","Large tufted graminoid","Y","guessed from genus – please check"
"83580","Xanthorrhoea glauca","","native","LTG","Large tufted graminoid","Y","guessed from genus – please check"
"560378","Xanthorrhoea minor","Small Grass-tree","native","LTG","Large tufted graminoid","Y","guessed from genus – please check"
"121652","Xanthosia dissecta","Cut-leaved Xanthosia","native","","","Y","not yet classified"
"353968","Xanthosia tasmanica","southern xanthosia","native","","","Y","not yet classified"
"323875","Xanthosia tridentata","Rock Xanthosia","native","","","Y","not yet classified"
"147467","Xerochrysum bracteatum","Golden Everlasting","native","MH","Medium herb","Y","guessed from genus – please check"
"323474","Xyris operculata","Tall Yellow-Eyed Grass","native","","","Y","not yet classified"
"566585","Zaluzianskya divaricata","Yellow Drumsticks","introduced","","","N","not yet classified"
"56006","Zantedeschia aethiopica","Arum Lily","introduced","","","N","not yet classified"
"1092447","Zieria oreocena","Grampians zieria","native","","","Y","not yet classified"
